"page","endpoint","status"
"/admin/admin/changepass","/admin/admin/changepass","200"
"/admin/admin/changepass","/admin/alumni/getevent","200"
"/admin/admin/changepass","/admin/calendar/delete_event/","200"
"/admin/admin/changepass","/admin/calendar/getevents","200"
"/admin/admin/changepass","/admin/calendar/view_event/","200"
"/admin/admin/changepass","/admin/language/user_language/","200"
"/admin/admin/changepass","/admin/notification/notification_clear","200"
"/admin/admin/changepass","/admin/notification/notification_read","200"
"/admin/admin/changepass","/Report/get_betweendate/","200"
"/admin/admin/dashboard","/admin/alumni/getevent","200"
"/admin/admin/dashboard","/admin/calendar/delete_event/","200"
"/admin/admin/dashboard","/admin/calendar/getevents","200"
"/admin/admin/dashboard","/admin/calendar/shift_event","200"
"/admin/admin/dashboard","/admin/calendar/view_event/","200"
"/admin/admin/dashboard","/admin/language/user_language/","200"
"/admin/admin/dashboard","/admin/notification/notification_clear","200"
"/admin/admin/dashboard","/admin/notification/notification_read","200"
"/admin/admin/dashboard","/admin/notification/read","200"
"/admin/admin/dashboard","/Report/get_betweendate/","200"
"/admin/admin/filetype","/admin/admin/addfiletype","200"
"/admin/admin/filetype","/admin/admin/filetype","200"
"/admin/admin/filetype","/admin/alumni/getevent","200"
"/admin/admin/filetype","/admin/calendar/delete_event/","200"
"/admin/admin/filetype","/admin/calendar/getevents","200"
"/admin/admin/filetype","/admin/calendar/view_event/","200"
"/admin/admin/filetype","/admin/language/user_language/","200"
"/admin/admin/filetype","/admin/notification/notification_clear","200"
"/admin/admin/filetype","/admin/notification/notification_read","200"
"/admin/admin/filetype","/emailconfig/index","200"
"/admin/admin/filetype","/Report/get_betweendate/","200"
"/admin/admission/admission_dashboard","/admin/admission/admission_dashboard","200"
"/admin/admission/admission_dashboard","/admin/alumni/getevent","200"
"/admin/admission/admission_dashboard","/admin/calendar/delete_event/","200"
"/admin/admission/admission_dashboard","/admin/calendar/getevents","200"
"/admin/admission/admission_dashboard","/admin/calendar/view_event/","200"
"/admin/admission/admission_dashboard","/admin/language/user_language/","200"
"/admin/admission/admission_dashboard","/admin/notification/notification_clear","200"
"/admin/admission/admission_dashboard","/admin/notification/notification_read","200"
"/admin/admission/admission_dashboard","/Report/get_betweendate/","200"
"/admin/admission/cutofflist","/admin/alumni/getevent","200"
"/admin/admission/cutofflist","/admin/calendar/delete_event/","200"
"/admin/admission/cutofflist","/admin/calendar/getevents","200"
"/admin/admission/cutofflist","/admin/calendar/view_event/","200"
"/admin/admission/cutofflist","/admin/language/user_language/","200"
"/admin/admission/cutofflist","/Report/get_betweendate/","200"
"/admin/admission/generatemeritlist","/admin/alumni/getevent","200"
"/admin/admission/generatemeritlist","/admin/calendar/delete_event/","200"
"/admin/admission/generatemeritlist","/admin/calendar/getevents","200"
"/admin/admission/generatemeritlist","/admin/calendar/view_event/","200"
"/admin/admission/generatemeritlist","/admin/language/user_language/","200"
"/admin/admission/generatemeritlist","/Report/get_betweendate/","200"
"/admin/admission/importapplication","/admin/admission/importapplication","200"
"/admin/admission/importapplication","/admin/alumni/getevent","200"
"/admin/admission/importapplication","/admin/calendar/delete_event/","200"
"/admin/admission/importapplication","/admin/calendar/getevents","200"
"/admin/admission/importapplication","/admin/calendar/view_event/","200"
"/admin/admission/importapplication","/admin/language/user_language/","200"
"/admin/admission/importapplication","/Report/get_betweendate/","200"
"/admin/admission/manageadmission","/admin/admission/save_fees_off_reason","200"
"/admin/admission/manageadmission","/admin/alumni/getevent","200"
"/admin/admission/manageadmission","/admin/calendar/delete_event/","200"
"/admin/admission/manageadmission","/admin/calendar/getevents","200"
"/admin/admission/manageadmission","/admin/calendar/view_event/","200"
"/admin/admission/manageadmission","/admin/language/user_language/","200"
"/admin/admission/manageadmission","/process.php","200"
"/admin/admission/manageadmission","/Report/get_betweendate/","200"
"/admin/admission/report","/admin/admission/generatePdf","200"
"/admin/admission/report","/admin/admission/report","200"
"/admin/admission/report","/admin/alumni/getevent","200"
"/admin/admission/report","/admin/calendar/delete_event/","200"
"/admin/admission/report","/admin/calendar/getevents","200"
"/admin/admission/report","/admin/calendar/view_event/","200"
"/admin/admission/report","/admin/language/user_language/","200"
"/admin/admission/report","/admin/notification/notification_clear","200"
"/admin/admission/report","/admin/notification/notification_read","200"
"/admin/admission/report","/Report/get_betweendate/","200"
"/admin/admission/selection_status_report","/admin/admission/selection_status_report","200"
"/admin/admission/selection_status_report","/admin/alumni/getevent","200"
"/admin/admission/selection_status_report","/admin/calendar/delete_event/","200"
"/admin/admission/selection_status_report","/admin/calendar/getevents","200"
"/admin/admission/selection_status_report","/admin/calendar/view_event/","200"
"/admin/admission/selection_status_report","/admin/language/user_language/","200"
"/admin/admission/selection_status_report","/admin/notification/notification_clear","200"
"/admin/admission/selection_status_report","/admin/notification/notification_read","200"
"/admin/admission/selection_status_report","/Report/get_betweendate/","200"
"/admin/admission/summary_report","/admin/alumni/getevent","200"
"/admin/admission/summary_report","/admin/calendar/delete_event/","200"
"/admin/admission/summary_report","/admin/calendar/getevents","200"
"/admin/admission/summary_report","/admin/calendar/view_event/","200"
"/admin/admission/summary_report","/admin/language/user_language/","200"
"/admin/admission/summary_report","/admin/notification/notification_clear","200"
"/admin/admission/summary_report","/admin/notification/notification_read","200"
"/admin/admission/summary_report","/Report/get_betweendate/","200"
"/admin/admission_transfer_cancellation/transfer_cancellation_list","/admin/admission_transfer_cancellation/approve_event","200"
"/admin/admission_transfer_cancellation/transfer_cancellation_list","/admin/admission_transfer_cancellation/event_reject","200"
"/admin/admission_transfer_cancellation/transfer_cancellation_list","/admin/admission_transfer_cancellation/fetch_role_staff","200"
"/admin/admission_transfer_cancellation/transfer_cancellation_list","/admin/admission_transfer_cancellation/request_approve_reject","200"
"/admin/admission_transfer_cancellation/transfer_cancellation_list","/admin/admission_transfer_cancellation/request_event_details","200"
"/admin/admission_transfer_cancellation/transfer_cancellation_list","/admin/admission_transfer_cancellation/track_request","200"
"/admin/admission_transfer_cancellation/transfer_cancellation_list","/admin/alumni/getevent","200"
"/admin/admission_transfer_cancellation/transfer_cancellation_list","/admin/calendar/delete_event/","200"
"/admin/admission_transfer_cancellation/transfer_cancellation_list","/admin/calendar/getevents","200"
"/admin/admission_transfer_cancellation/transfer_cancellation_list","/admin/calendar/view_event/","200"
"/admin/admission_transfer_cancellation/transfer_cancellation_list","/admin/flowmaster/delete_event","200"
"/admin/admission_transfer_cancellation/transfer_cancellation_list","/admin/flowmaster/show_postevent","200"
"/admin/admission_transfer_cancellation/transfer_cancellation_list","/admin/flowmaster/upload_postevent","200"
"/admin/admission_transfer_cancellation/transfer_cancellation_list","/admin/language/user_language/","200"
"/admin/admission_transfer_cancellation/transfer_cancellation_list","/admin/notification/notification_clear","200"
"/admin/admission_transfer_cancellation/transfer_cancellation_list","/admin/notification/notification_read","200"
"/admin/admission_transfer_cancellation/transfer_cancellation_list","/Report/get_betweendate/","200"
"/admin/admitcard","/admin/admitcard","200"
"/admin/admitcard","/admin/admitcard/view","200"
"/admin/admitcard","/admin/alumni/getevent","200"
"/admin/admitcard","/admin/calendar/delete_event/","200"
"/admin/admitcard","/admin/calendar/getevents","200"
"/admin/admitcard","/admin/calendar/view_event/","200"
"/admin/admitcard","/admin/language/user_language/","200"
"/admin/admitcard","/admin/notification/notification_clear","200"
"/admin/admitcard","/admin/notification/notification_read","200"
"/admin/admitcard","/Report/get_betweendate/","200"
"/admin/alumni/alumnilist","/admin/alumni/add","200"
"/admin/alumni/alumnilist","/admin/alumni/alumnilist","200"
"/admin/alumni/alumnilist","/admin/alumni/deletestudent/","200"
"/admin/alumni/alumnilist","/admin/alumni/get_alumnidetails","200"
"/admin/alumni/alumnilist","/admin/alumni/getevent","200"
"/admin/alumni/alumnilist","/admin/calendar/delete_event/","200"
"/admin/alumni/alumnilist","/admin/calendar/getevents","200"
"/admin/alumni/alumnilist","/admin/calendar/view_event/","200"
"/admin/alumni/alumnilist","/admin/language/user_language/","200"
"/admin/alumni/alumnilist","/admin/notification/notification_clear","200"
"/admin/alumni/alumnilist","/admin/notification/notification_read","200"
"/admin/alumni/alumnilist","/Report/get_betweendate/","200"
"/admin/alumni/alumnilist","/sections/getByClass","200"
"/admin/alumni/events","/admin/alumni/add_event","200"
"/admin/alumni/events","/admin/alumni/delete_event/","200"
"/admin/alumni/events","/admin/alumni/get_event/","200"
"/admin/alumni/events","/admin/alumni/getevent","200"
"/admin/alumni/events","/admin/calendar/delete_event/","200"
"/admin/alumni/events","/admin/calendar/getevents","200"
"/admin/alumni/events","/admin/calendar/view_event/","200"
"/admin/alumni/events","/admin/language/user_language/","200"
"/admin/alumni/events","/admin/notification/notification_clear","200"
"/admin/alumni/events","/admin/notification/notification_read","200"
"/admin/alumni/events","/Report/get_betweendate/","200"
"/admin/alumni/events","/sections/getByClass","200"
"/admin/approve_leave","/admin/alumni/getevent","200"
"/admin/approve_leave","/admin/approve_leave","200"
"/admin/approve_leave","/admin/approve_leave/add","200"
"/admin/approve_leave","/admin/approve_leave/get_details","200"
"/admin/approve_leave","/admin/approve_leave/remove_leave","200"
"/admin/approve_leave","/admin/approve_leave/searchByClassSection/","200"
"/admin/approve_leave","/admin/approve_leave/status","200"
"/admin/approve_leave","/admin/calendar/delete_event/","200"
"/admin/approve_leave","/admin/calendar/getevents","200"
"/admin/approve_leave","/admin/calendar/view_event/","200"
"/admin/approve_leave","/admin/language/user_language/","200"
"/admin/approve_leave","/admin/notification/notification_clear","200"
"/admin/approve_leave","/admin/notification/notification_read","200"
"/admin/approve_leave","/Report/get_betweendate/","200"
"/admin/approve_leave","/sections/getByClass","200"
"/admin/assign_mentor","/admin/alumni/getevent","200"
"/admin/assign_mentor","/admin/assign_mentor","200"
"/admin/assign_mentor","/admin/assign_mentor/getStudentByStaff","200"
"/admin/assign_mentor","/admin/assign_mentor/save_mentor_data","200"
"/admin/assign_mentor","/admin/assign_mentor/student_lists","200"
"/admin/assign_mentor","/admin/calendar/delete_event/","200"
"/admin/assign_mentor","/admin/calendar/getevents","200"
"/admin/assign_mentor","/admin/calendar/view_event/","200"
"/admin/assign_mentor","/admin/language/user_language/","200"
"/admin/assign_mentor","/admin/notification/notification_clear","200"
"/admin/assign_mentor","/admin/notification/notification_read","200"
"/admin/assign_mentor","/Report/get_betweendate/","200"
"/admin/assign_mentor","/sections/getByClass","200"
"/admin/assign_mentor/ojt_approval_list","/admin/alumni/getevent","200"
"/admin/assign_mentor/ojt_approval_list","/admin/assign_mentor/generate_pdf","200"
"/admin/assign_mentor/ojt_approval_list","/admin/assign_mentor/ojt_approval_list","200"
"/admin/assign_mentor/ojt_approval_list","/admin/assign_mentor/update_ojt_request/","200"
"/admin/assign_mentor/ojt_approval_list","/admin/assign_mentor/update_sip_request/","200"
"/admin/assign_mentor/ojt_approval_list","/admin/calendar/delete_event/","200"
"/admin/assign_mentor/ojt_approval_list","/admin/calendar/getevents","200"
"/admin/assign_mentor/ojt_approval_list","/admin/calendar/view_event/","200"
"/admin/assign_mentor/ojt_approval_list","/admin/language/user_language/","200"
"/admin/assign_mentor/ojt_approval_list","/admin/notification/notification_clear","200"
"/admin/assign_mentor/ojt_approval_list","/admin/notification/notification_read","200"
"/admin/assign_mentor/ojt_approval_list","/Report/get_betweendate/","200"
"/admin/assign_mentor/ojt_details","/admin/alumni/getevent","200"
"/admin/assign_mentor/ojt_details","/admin/calendar/delete_event/","200"
"/admin/assign_mentor/ojt_details","/admin/calendar/getevents","200"
"/admin/assign_mentor/ojt_details","/admin/calendar/view_event/","200"
"/admin/assign_mentor/ojt_details","/admin/language/user_language/","200"
"/admin/assign_mentor/ojt_details","/admin/notification/notification_clear","200"
"/admin/assign_mentor/ojt_details","/admin/notification/notification_read","200"
"/admin/assign_mentor/ojt_details","/Report/get_betweendate/","200"
"/admin/assign_mentor/project_approval_list","/admin/alumni/getevent","200"
"/admin/assign_mentor/project_approval_list","/admin/assign_mentor/update_project_request/","200"
"/admin/assign_mentor/project_approval_list","/admin/calendar/delete_event/","200"
"/admin/assign_mentor/project_approval_list","/admin/calendar/getevents","200"
"/admin/assign_mentor/project_approval_list","/admin/calendar/view_event/","200"
"/admin/assign_mentor/project_approval_list","/admin/language/user_language/","200"
"/admin/assign_mentor/project_approval_list","/admin/notification/notification_clear","200"
"/admin/assign_mentor/project_approval_list","/admin/notification/notification_read","200"
"/admin/assign_mentor/project_approval_list","/Report/get_betweendate/","200"
"/admin/assign_mentor/project_chapter_list","/admin/alumni/getevent","200"
"/admin/assign_mentor/project_chapter_list","/admin/calendar/delete_event/","200"
"/admin/assign_mentor/project_chapter_list","/admin/calendar/getevents","200"
"/admin/assign_mentor/project_chapter_list","/admin/calendar/view_event/","200"
"/admin/assign_mentor/project_chapter_list","/admin/language/user_language/","200"
"/admin/assign_mentor/project_chapter_list","/admin/notification/notification_clear","200"
"/admin/assign_mentor/project_chapter_list","/admin/notification/notification_read","200"
"/admin/assign_mentor/project_chapter_list","/Report/get_betweendate/","200"
"/admin/assign_variable_fees","/admin/alumni/getevent","200"
"/admin/assign_variable_fees","/admin/assign_variable_fees","200"
"/admin/assign_variable_fees","/admin/assign_variable_fees/addfeegroupClasswise","200"
"/admin/assign_variable_fees","/admin/calendar/delete_event/","200"
"/admin/assign_variable_fees","/admin/calendar/getevents","200"
"/admin/assign_variable_fees","/admin/calendar/view_event/","200"
"/admin/assign_variable_fees","/admin/language/user_language/","200"
"/admin/assign_variable_fees","/admin/notification/notification_clear","200"
"/admin/assign_variable_fees","/admin/notification/notification_read","200"
"/admin/assign_variable_fees","/Report/get_betweendate/","200"
"/admin/assign_variable_fees","/sections/getByClass","200"
"/admin/atkt_form/admissionsetting","/admin/alumni/getevent","200"
"/admin/atkt_form/admissionsetting","/admin/atkt_form/addProgram","200"
"/admin/atkt_form/admissionsetting","/admin/atkt_form/admissionsetting","200"
"/admin/atkt_form/admissionsetting","/admin/atkt_form/changeformfieldsetting","200"
"/admin/atkt_form/admissionsetting","/admin/atkt_form/getProgram","200"
"/admin/atkt_form/admissionsetting","/admin/calendar/delete_event/","200"
"/admin/atkt_form/admissionsetting","/admin/calendar/getevents","200"
"/admin/atkt_form/admissionsetting","/admin/calendar/view_event/","200"
"/admin/atkt_form/admissionsetting","/admin/language/user_language/","200"
"/admin/atkt_form/admissionsetting","/admin/notification/notification_clear","200"
"/admin/atkt_form/admissionsetting","/admin/notification/notification_read","200"
"/admin/atkt_form/admissionsetting","/Report/get_betweendate/","200"
"/admin/atkt_form/admissionsetting","/smsconfig/twilio","200"
"/admin/atkt_form/atkt_form_report","/admin/alumni/getevent","200"
"/admin/atkt_form/atkt_form_report","/admin/atkt_form/atkt_form_report","200"
"/admin/atkt_form/atkt_form_report","/admin/calendar/delete_event/","200"
"/admin/atkt_form/atkt_form_report","/admin/calendar/getevents","200"
"/admin/atkt_form/atkt_form_report","/admin/calendar/view_event/","200"
"/admin/atkt_form/atkt_form_report","/admin/language/user_language/","200"
"/admin/atkt_form/atkt_form_report","/admin/notification/notification_clear","200"
"/admin/atkt_form/atkt_form_report","/admin/notification/notification_read","200"
"/admin/atkt_form/atkt_form_report","/admin/subjectgroup/getGroupByClassandSection","200"
"/admin/atkt_form/atkt_form_report","/admin/subjectgroup/getGroupsubjects","200"
"/admin/atkt_form/atkt_form_report","/atkt_form/closehomeworklist","200"
"/admin/atkt_form/atkt_form_report","/atkt_form/dthomeworklist","200"
"/admin/atkt_form/atkt_form_report","/Report/get_betweendate/","200"
"/admin/atkt_form/atkt_form_report","/sections/getByClass","200"
"/admin/atkt_form/atkt_form_student","/admin/alumni/getevent","200"
"/admin/atkt_form/atkt_form_student","/admin/atkt_form/checkpaymentstatus","200"
"/admin/atkt_form/atkt_form_student","/admin/atkt_form/delete_selected_students","200"
"/admin/atkt_form/atkt_form_student","/admin/atkt_form/delete_selected_subjects","200"
"/admin/atkt_form/atkt_form_student","/admin/atkt_form/delete_student_subject","200"
"/admin/atkt_form/atkt_form_student","/admin/atkt_form/getstudentlist","200"
"/admin/atkt_form/atkt_form_student","/admin/atkt_form/importAtktFile","200"
"/admin/atkt_form/atkt_form_student","/admin/atkt_form/partly_payment_modal","200"
"/admin/atkt_form/atkt_form_student","/admin/atkt_form/update_result_generate_status","200"
"/admin/atkt_form/atkt_form_student","/admin/calendar/delete_event/","200"
"/admin/atkt_form/atkt_form_student","/admin/calendar/getevents","200"
"/admin/atkt_form/atkt_form_student","/admin/calendar/view_event/","200"
"/admin/atkt_form/atkt_form_student","/admin/language/user_language/","200"
"/admin/atkt_form/atkt_form_student","/admin/notification/notification_clear","200"
"/admin/atkt_form/atkt_form_student","/admin/notification/notification_read","200"
"/admin/atkt_form/atkt_form_student","/atkt/updateAtktFormStatus","200"
"/admin/atkt_form/atkt_form_student","/Report/get_betweendate/","200"
"/admin/atkt_form/edit_atkt_form_student","/admin/alumni/getevent","200"
"/admin/atkt_form/edit_atkt_form_student","/admin/atkt_form/edit_atkt_form_student","200"
"/admin/atkt_form/edit_atkt_form_student","/admin/atkt_form/get_current_class_marks","200"
"/admin/atkt_form/edit_atkt_form_student","/admin/atkt_form/update_student_marks","200"
"/admin/atkt_form/edit_atkt_form_student","/admin/calendar/delete_event/","200"
"/admin/atkt_form/edit_atkt_form_student","/admin/calendar/getevents","200"
"/admin/atkt_form/edit_atkt_form_student","/admin/calendar/view_event/","200"
"/admin/atkt_form/edit_atkt_form_student","/admin/language/user_language/","200"
"/admin/atkt_form/edit_atkt_form_student","/admin/notification/notification_clear","200"
"/admin/atkt_form/edit_atkt_form_student","/admin/notification/notification_read","200"
"/admin/atkt_form/edit_atkt_form_student","/admin/subjectgroup/getGroupByClassandSection","200"
"/admin/atkt_form/edit_atkt_form_student","/admin/subjectgroup/getGroupsubjects","200"
"/admin/atkt_form/edit_atkt_form_student","/atkt_form/closehomeworklist","200"
"/admin/atkt_form/edit_atkt_form_student","/atkt_form/dthomeworklist","200"
"/admin/atkt_form/edit_atkt_form_student","/Report/get_betweendate/","200"
"/admin/atkt_form/edit_atkt_form_student","/sections/getByClass","200"
"/admin/attributes/index","/admin/alumni/getevent","200"
"/admin/attributes/index","/admin/attributes/create","200"
"/admin/attributes/index","/admin/calendar/delete_event/","200"
"/admin/attributes/index","/admin/calendar/getevents","200"
"/admin/attributes/index","/admin/calendar/view_event/","200"
"/admin/attributes/index","/admin/language/user_language/","200"
"/admin/attributes/index","/Report/get_betweendate/","200"
"/admin/audit","/admin/alumni/getevent","200"
"/admin/audit","/admin/audit/delete/","200"
"/admin/audit","/admin/audit/getDatatable","200"
"/admin/audit","/admin/calendar/delete_event/","200"
"/admin/audit","/admin/calendar/getevents","200"
"/admin/audit","/admin/calendar/view_event/","200"
"/admin/audit","/admin/language/user_language/","200"
"/admin/audit","/admin/notification/notification_clear","200"
"/admin/audit","/admin/notification/notification_read","200"
"/admin/audit","/Report/get_betweendate/","200"
"/admin/batch_settings","/admin/alumni/getevent","200"
"/admin/batch_settings","/admin/batch_settings","200"
"/admin/batch_settings","/admin/calendar/delete_event/","200"
"/admin/batch_settings","/admin/calendar/getevents","200"
"/admin/batch_settings","/admin/calendar/view_event/","200"
"/admin/batch_settings","/admin/language/user_language/","200"
"/admin/batch_settings","/admin/notification/notification_clear","200"
"/admin/batch_settings","/admin/notification/notification_read","200"
"/admin/batch_settings","/Report/get_betweendate/","200"
"/admin/book/getall","/admin/alumni/getevent","200"
"/admin/book/getall","/admin/book/getbooklist","200"
"/admin/book/getall","/admin/calendar/delete_event/","200"
"/admin/book/getall","/admin/calendar/getevents","200"
"/admin/book/getall","/admin/calendar/view_event/","200"
"/admin/book/getall","/admin/language/user_language/","200"
"/admin/book/getall","/admin/notification/notification_clear","200"
"/admin/book/getall","/admin/notification/notification_read","200"
"/admin/book/getall","/Report/get_betweendate/","200"
"/admin/calendar/events","/admin/alumni/getevent","200"
"/admin/calendar/events","/admin/calendar/addtodo","200"
"/admin/calendar/events","/admin/calendar/delete_event/","200"
"/admin/calendar/events","/admin/calendar/getevents","200"
"/admin/calendar/events","/admin/calendar/gettaskbyid/","200"
"/admin/calendar/events","/admin/calendar/view_event/","200"
"/admin/calendar/events","/admin/language/user_language/","200"
"/admin/calendar/events","/admin/notification/notification_clear","200"
"/admin/calendar/events","/admin/notification/notification_read","200"
"/admin/calendar/events","/Report/get_betweendate/","200"
"/admin/canteen/assign_menu","/admin/alumni/getevent","200"
"/admin/canteen/assign_menu","/admin/calendar/delete_event/","200"
"/admin/canteen/assign_menu","/admin/calendar/getevents","200"
"/admin/canteen/assign_menu","/admin/calendar/view_event/","200"
"/admin/canteen/assign_menu","/admin/canteen/foodItemId?date=","200"
"/admin/canteen/assign_menu","/admin/canteen/getFoodItem/1","200"
"/admin/canteen/assign_menu","/admin/canteen/getFoodItem/2","200"
"/admin/canteen/assign_menu","/admin/canteen/getFoodItem/3","200"
"/admin/canteen/assign_menu","/admin/canteen/getFoodItem/4","200"
"/admin/canteen/assign_menu","/admin/canteen/getFoodItem/5","200"
"/admin/canteen/assign_menu","/admin/canteen/getFoodItem/6","200"
"/admin/canteen/assign_menu","/admin/canteen/getFoodItem/7","200"
"/admin/canteen/assign_menu","/admin/canteen/getFoodItem/8","200"
"/admin/canteen/assign_menu","/admin/canteen/getFoodItem/9","200"
"/admin/canteen/assign_menu","/admin/canteen/insert_data","200"
"/admin/canteen/assign_menu","/admin/language/user_language/","200"
"/admin/canteen/assign_menu","/admin/notification/notification_clear","200"
"/admin/canteen/assign_menu","/admin/notification/notification_read","200"
"/admin/canteen/assign_menu","/Report/get_betweendate/","200"
"/admin/canteen/canteen_auditor","/admin/alumni/getevent","200"
"/admin/canteen/canteen_auditor","/admin/calendar/delete_event/","200"
"/admin/canteen/canteen_auditor","/admin/calendar/getevents","200"
"/admin/canteen/canteen_auditor","/admin/calendar/view_event/","200"
"/admin/canteen/canteen_auditor","/admin/canteen/canteen_auditor","200"
"/admin/canteen/canteen_auditor","/admin/canteen/delete_data/canteen_foodrating","200"
"/admin/canteen/canteen_auditor","/admin/canteen/foodItem_menuwise","200"
"/admin/canteen/canteen_auditor","/admin/language/user_language/","200"
"/admin/canteen/canteen_auditor","/admin/notification/notification_clear","200"
"/admin/canteen/canteen_auditor","/admin/notification/notification_read","200"
"/admin/canteen/canteen_auditor","/Report/get_betweendate/","200"
"/admin/canteen/create_coupon","/admin/alumni/getevent","200"
"/admin/canteen/create_coupon","/admin/calendar/delete_event/","200"
"/admin/canteen/create_coupon","/admin/calendar/getevents","200"
"/admin/canteen/create_coupon","/admin/calendar/view_event/","200"
"/admin/canteen/create_coupon","/admin/canteen/create_coupon","200"
"/admin/canteen/create_coupon","/admin/canteen/delete_data/canteen_coupon","200"
"/admin/canteen/create_coupon","/admin/language/user_language/","200"
"/admin/canteen/create_coupon","/admin/notification/notification_clear","200"
"/admin/canteen/create_coupon","/admin/notification/notification_read","200"
"/admin/canteen/create_coupon","/admin/visitors/details/","200"
"/admin/canteen/create_coupon","/Report/get_betweendate/","200"
"/admin/canteen/getall_breaktype","/admin/alumni/getevent","200"
"/admin/canteen/getall_breaktype","/admin/calendar/delete_event/","200"
"/admin/canteen/getall_breaktype","/admin/calendar/getevents","200"
"/admin/canteen/getall_breaktype","/admin/calendar/view_event/","200"
"/admin/canteen/getall_breaktype","/admin/canteen/delete_data/break_type","200"
"/admin/canteen/getall_breaktype","/admin/canteen/get_breaktype_list","200"
"/admin/canteen/getall_breaktype","/admin/canteen/update_status/break_type","200"
"/admin/canteen/getall_breaktype","/admin/language/user_language/","200"
"/admin/canteen/getall_breaktype","/admin/notification/notification_clear","200"
"/admin/canteen/getall_breaktype","/admin/notification/notification_read","200"
"/admin/canteen/getall_breaktype","/Report/get_betweendate/","200"
"/admin/canteen/getall_canteen","/admin/alumni/getevent","200"
"/admin/canteen/getall_canteen","/admin/calendar/delete_event/","200"
"/admin/canteen/getall_canteen","/admin/calendar/getevents","200"
"/admin/canteen/getall_canteen","/admin/calendar/view_event/","200"
"/admin/canteen/getall_canteen","/admin/canteen/delete_data/canteen","200"
"/admin/canteen/getall_canteen","/admin/canteen/getcanteenlist","200"
"/admin/canteen/getall_canteen","/admin/canteen/update_status/canteen","200"
"/admin/canteen/getall_canteen","/admin/language/user_language/","200"
"/admin/canteen/getall_canteen","/admin/notification/notification_clear","200"
"/admin/canteen/getall_canteen","/admin/notification/notification_read","200"
"/admin/canteen/getall_canteen","/Report/get_betweendate/","200"
"/admin/canteen/getall_foodItem","/admin/alumni/getevent","200"
"/admin/canteen/getall_foodItem","/admin/calendar/delete_event/","200"
"/admin/canteen/getall_foodItem","/admin/calendar/getevents","200"
"/admin/canteen/getall_foodItem","/admin/calendar/view_event/","200"
"/admin/canteen/getall_foodItem","/admin/canteen/delete_data/food_item","200"
"/admin/canteen/getall_foodItem","/admin/canteen/get_foodItem_list","200"
"/admin/canteen/getall_foodItem","/admin/canteen/update_status/food_item","200"
"/admin/canteen/getall_foodItem","/admin/language/user_language/","200"
"/admin/canteen/getall_foodItem","/admin/notification/notification_clear","200"
"/admin/canteen/getall_foodItem","/admin/notification/notification_read","200"
"/admin/canteen/getall_foodItem","/Report/get_betweendate/","200"
"/admin/canteen/menu_list","/admin/calendar/delete_event/","200"
"/admin/canteen/menu_list","/admin/calendar/view_event/","200"
"/admin/canteen/menu_list","/admin/canteen/all_events","200"
"/admin/canteen/menu_list","/admin/canteen/get_events","200"
"/admin/canteen/menu_list","/admin/language/user_language/","200"
"/admin/canteen/menu_list","/admin/naac/all_events","200"
"/admin/canteen/menu_list","/admin/notification/notification_clear","200"
"/admin/canteen/menu_list","/admin/notification/notification_read","200"
"/admin/canteen/menu_list","/Report/get_betweendate/","200"
"/admin/captcha","/admin/alumni/getevent","200"
"/admin/captcha","/admin/calendar/delete_event/","200"
"/admin/captcha","/admin/calendar/getevents","200"
"/admin/captcha","/admin/calendar/view_event/","200"
"/admin/captcha","/admin/captcha/changeStatus","200"
"/admin/captcha","/admin/language/user_language/","200"
"/admin/captcha","/admin/notification/notification_clear","200"
"/admin/captcha","/admin/notification/notification_read","200"
"/admin/captcha","/Report/get_betweendate/","200"
"/admin/certificate","/admin/alumni/getevent","200"
"/admin/certificate","/admin/calendar/delete_event/","200"
"/admin/certificate","/admin/calendar/getevents","200"
"/admin/certificate","/admin/calendar/view_event/","200"
"/admin/certificate","/admin/certificate/create","200"
"/admin/certificate","/admin/certificate/createCustomFieldsForCertificate","200"
"/admin/certificate","/admin/certificate/view","200"
"/admin/certificate","/admin/language/user_language/","200"
"/admin/certificate","/admin/notification/notification_clear","200"
"/admin/certificate","/admin/notification/notification_read","200"
"/admin/certificate","/Report/get_betweendate/","200"
"/admin/certificate_report","/admin/alumni/getevent","200"
"/admin/certificate_report","/admin/calendar/delete_event/","200"
"/admin/certificate_report","/admin/calendar/getevents","200"
"/admin/certificate_report","/admin/calendar/view_event/","200"
"/admin/certificate_report","/admin/Certificate_report/search","200"
"/admin/certificate_report","/admin/generatecertificate/generatemultiple","200"
"/admin/certificate_report","/admin/language/user_language/","200"
"/admin/certificate_report","/admin/notification/notification_clear","200"
"/admin/certificate_report","/admin/notification/notification_read","200"
"/admin/certificate_report","/Report/get_betweendate/","200"
"/admin/certificate_report","/sections/getByClass","200"
"/admin/chat","/./uploads/staff_images/","200"
"/admin/chat","/admin/alumni/getevent","200"
"/admin/chat","/admin/calendar/delete_event/","200"
"/admin/chat","/admin/calendar/getevents","200"
"/admin/chat","/admin/calendar/view_event/","200"
"/admin/chat","/admin/chat/adduser","200"
"/admin/chat","/admin/chat/chatUpdate","200"
"/admin/chat","/admin/chat/getChatRecord","200"
"/admin/chat","/admin/chat/mychatnotification","200"
"/admin/chat","/admin/chat/mynewuser","200"
"/admin/chat","/admin/chat/myuser","200"
"/admin/chat","/admin/chat/newMessage","200"
"/admin/chat","/admin/chat/searchuser","200"
"/admin/chat","/admin/language/user_language/","200"
"/admin/chat","/admin/notification/notification_clear","200"
"/admin/chat","/admin/notification/notification_read","200"
"/admin/chat","/Report/get_betweendate/","200"
"/admin/classroom/classroom_allotment","/admin/alumni/getevent","200"
"/admin/classroom/classroom_allotment","/admin/calendar/delete_event/","200"
"/admin/classroom/classroom_allotment","/admin/calendar/getevents","200"
"/admin/classroom/classroom_allotment","/admin/calendar/view_event/","200"
"/admin/classroom/classroom_allotment","/admin/classroom/classroom_allotment","200"
"/admin/classroom/classroom_allotment","/admin/classroom/deleteClassroomAllotment","200"
"/admin/classroom/classroom_allotment","/admin/language/user_language/","200"
"/admin/classroom/classroom_allotment","/Report/get_betweendate/","200"
"/admin/classroom/classroom_setup","/admin/alumni/getevent","200"
"/admin/classroom/classroom_setup","/admin/calendar/delete_event/","200"
"/admin/classroom/classroom_setup","/admin/calendar/getevents","200"
"/admin/classroom/classroom_setup","/admin/calendar/view_event/","200"
"/admin/classroom/classroom_setup","/admin/classroom/classroomsetupsave","200"
"/admin/classroom/classroom_setup","/admin/language/user_language/","200"
"/admin/classroom/classroom_setup","/Report/get_betweendate/","200"
"/admin/complaint","/admin/alumni/getevent","200"
"/admin/complaint","/admin/calendar/delete_event/","200"
"/admin/complaint","/admin/calendar/getevents","200"
"/admin/complaint","/admin/calendar/view_event/","200"
"/admin/complaint","/admin/complaint","200"
"/admin/complaint","/admin/complaint/details/","200"
"/admin/complaint","/admin/complaint/edit/","200"
"/admin/complaint","/admin/language/user_language/","200"
"/admin/complaint","/admin/notification/notification_clear","200"
"/admin/complaint","/admin/notification/notification_read","200"
"/admin/complaint","/Report/get_betweendate/","200"
"/admin/conference","/admin/alumni/getevent","200"
"/admin/conference","/admin/calendar/delete_event/","200"
"/admin/conference","/admin/calendar/getevents","200"
"/admin/conference","/admin/calendar/view_event/","200"
"/admin/conference","/admin/conference","200"
"/admin/conference","/admin/language/user_language/","200"
"/admin/conference","/admin/notification/notification_clear","200"
"/admin/conference","/admin/notification/notification_read","200"
"/admin/conference","/Report/get_betweendate/","200"
"/admin/conference/class_report","/admin/alumni/getevent","200"
"/admin/conference/class_report","/admin/calendar/delete_event/","200"
"/admin/conference/class_report","/admin/calendar/getevents","200"
"/admin/conference/class_report","/admin/calendar/view_event/","200"
"/admin/conference/class_report","/admin/conference/class_report","200"
"/admin/conference/class_report","/admin/conference/getViewerList","200"
"/admin/conference/class_report","/admin/language/user_language/","200"
"/admin/conference/class_report","/admin/notification/notification_clear","200"
"/admin/conference/class_report","/admin/notification/notification_read","200"
"/admin/conference/class_report","/Report/get_betweendate/","200"
"/admin/conference/class_report","/sections/getByClass","200"
"/admin/conference/meeting","/admin/alumni/getevent","200"
"/admin/conference/meeting","/admin/calendar/delete_event/","200"
"/admin/conference/meeting","/admin/calendar/getevents","200"
"/admin/conference/meeting","/admin/calendar/view_event/","200"
"/admin/conference/meeting","/admin/conference/add_history","200"
"/admin/conference/meeting","/admin/conference/addcredential","200"
"/admin/conference/meeting","/admin/conference/addMeeting","200"
"/admin/conference/meeting","/admin/conference/chkstatus","200"
"/admin/conference/meeting","/admin/conference/getlivestatus","200"
"/admin/conference/meeting","/admin/conference/staffCredential","200"
"/admin/conference/meeting","/admin/language/user_language/","200"
"/admin/conference/meeting","/admin/notification/notification_clear","200"
"/admin/conference/meeting","/admin/notification/notification_read","200"
"/admin/conference/meeting","/admin/staff/getEmployeeByRole","200"
"/admin/conference/meeting","/Report/get_betweendate/","200"
"/admin/conference/meeting","/sections/getByClass","200"
"/admin/conference/meeting_report","/admin/alumni/getevent","200"
"/admin/conference/meeting_report","/admin/calendar/delete_event/","200"
"/admin/conference/meeting_report","/admin/calendar/getevents","200"
"/admin/conference/meeting_report","/admin/calendar/view_event/","200"
"/admin/conference/meeting_report","/admin/conference/getViewerList","200"
"/admin/conference/meeting_report","/admin/language/user_language/","200"
"/admin/conference/meeting_report","/admin/notification/notification_clear","200"
"/admin/conference/meeting_report","/admin/notification/notification_read","200"
"/admin/conference/meeting_report","/Report/get_betweendate/","200"
"/admin/conference/timetable","/admin/alumni/getevent","200"
"/admin/conference/timetable","/admin/calendar/delete_event/","200"
"/admin/conference/timetable","/admin/calendar/getevents","200"
"/admin/conference/timetable","/admin/calendar/view_event/","200"
"/admin/conference/timetable","/admin/conference/addByOther","200"
"/admin/conference/timetable","/admin/conference/chkstatus","200"
"/admin/conference/timetable","/admin/conference/getlivestatus","200"
"/admin/conference/timetable","/admin/language/user_language/","200"
"/admin/conference/timetable","/admin/notification/notification_clear","200"
"/admin/conference/timetable","/admin/notification/notification_read","200"
"/admin/conference/timetable","/admin/staff/getEmployeeByRole","200"
"/admin/conference/timetable","/Report/get_betweendate/","200"
"/admin/conference/timetable","/sections/getByClass","200"
"/admin/content/list","/admin/alumni/getevent","200"
"/admin/content/list","/admin/calendar/delete_event/","200"
"/admin/content/list","/admin/calendar/getevents","200"
"/admin/content/list","/admin/calendar/view_event/","200"
"/admin/content/list","/admin/content/getsharedcontents","200"
"/admin/content/list","/admin/content/getsharelist","200"
"/admin/content/list","/admin/language/user_language/","200"
"/admin/content/list","/admin/notification/notification_clear","200"
"/admin/content/list","/admin/notification/notification_read","200"
"/admin/content/list","/Report/get_betweendate/","200"
"/admin/content/upload","/action_page.php","200"
"/admin/content/upload","/admin/alumni/getevent","200"
"/admin/content/upload","/admin/calendar/delete_event/","200"
"/admin/content/upload","/admin/calendar/getevents","200"
"/admin/content/upload","/admin/calendar/view_event/","200"
"/admin/content/upload","/admin/content/ajaxupdate","200"
"/admin/content/upload","/admin/content/ajaxupload","200"
"/admin/content/upload","/admin/content/delete","200"
"/admin/content/upload","/admin/content/delete_array","200"
"/admin/content/upload","/admin/content/download_content/","200"
"/admin/content/upload","/admin/content/generate_url","200"
"/admin/content/upload","/admin/content/getuploaddata","200"
"/admin/content/upload","/admin/content/share","200"
"/admin/content/upload","/admin/language/user_language/","200"
"/admin/content/upload","/admin/mailsms/search","200"
"/admin/content/upload","/admin/notification/notification_clear","200"
"/admin/content/upload","/admin/notification/notification_read","200"
"/admin/content/upload","/Report/get_betweendate/","200"
"/admin/content/upload","/sections/getByClass","200"
"/admin/contenttype","/admin/alumni/getevent","200"
"/admin/contenttype","/admin/calendar/delete_event/","200"
"/admin/contenttype","/admin/calendar/getevents","200"
"/admin/contenttype","/admin/calendar/view_event/","200"
"/admin/contenttype","/admin/contenttype","200"
"/admin/contenttype","/admin/contenttype/getcontenttypelist","200"
"/admin/contenttype","/admin/language/user_language/","200"
"/admin/contenttype","/admin/notification/notification_clear","200"
"/admin/contenttype","/admin/notification/notification_read","200"
"/admin/contenttype","/Report/get_betweendate/","200"
"/admin/copo/co_po_mapping","/admin/alumni/getevent","200"
"/admin/copo/co_po_mapping","/admin/calendar/delete_event/","200"
"/admin/copo/co_po_mapping","/admin/calendar/getevents","200"
"/admin/copo/co_po_mapping","/admin/calendar/view_event/","200"
"/admin/copo/co_po_mapping","/admin/copo/co_po_mapping","200"
"/admin/copo/co_po_mapping","/admin/copo/print_program_outcomes","200"
"/admin/copo/co_po_mapping","/admin/copo/saveCoPoMappings","200"
"/admin/copo/co_po_mapping","/admin/language/user_language/","200"
"/admin/copo/co_po_mapping","/admin/notification/notification_clear","200"
"/admin/copo/co_po_mapping","/admin/notification/notification_read","200"
"/admin/copo/co_po_mapping","/admin/subjectgroup/getGroupByClassId","200"
"/admin/copo/co_po_mapping","/admin/subjectgroup/getGroupsubjectsBySemesterType","200"
"/admin/copo/co_po_mapping","/Report/get_betweendate/","200"
"/admin/copo/co_po_mapping","/sections/getByClass","200"
"/admin/copo/course_outcomes","/admin/alumni/getevent","200"
"/admin/copo/course_outcomes","/admin/calendar/delete_event/","200"
"/admin/copo/course_outcomes","/admin/calendar/getevents","200"
"/admin/copo/course_outcomes","/admin/calendar/view_event/","200"
"/admin/copo/course_outcomes","/admin/copo/course_outcomes","200"
"/admin/copo/course_outcomes","/admin/copo/getCourseOutcomes","200"
"/admin/copo/course_outcomes","/admin/copo/updateCourseOutcomes","200"
"/admin/copo/course_outcomes","/admin/examgroup/copy_subject_co_fromoldtocurrent_session","200"
"/admin/copo/course_outcomes","/admin/language/user_language/","200"
"/admin/copo/course_outcomes","/admin/notification/notification_clear","200"
"/admin/copo/course_outcomes","/admin/notification/notification_read","200"
"/admin/copo/course_outcomes","/admin/subjectgroup/getGroupByClassandSection","200"
"/admin/copo/course_outcomes","/admin/subjectgroup/getGroupByClassId","200"
"/admin/copo/course_outcomes","/Report/get_betweendate/","200"
"/admin/copo/course_outcomes","/sections/getByClass","200"
"/admin/copo/indirect_po_mapping","/admin/alumni/getevent","200"
"/admin/copo/indirect_po_mapping","/admin/calendar/delete_event/","200"
"/admin/copo/indirect_po_mapping","/admin/calendar/getevents","200"
"/admin/copo/indirect_po_mapping","/admin/calendar/view_event/","200"
"/admin/copo/indirect_po_mapping","/admin/copo/indirect_po_mapping","200"
"/admin/copo/indirect_po_mapping","/admin/copo/print_indirect_program_outcomes","200"
"/admin/copo/indirect_po_mapping","/admin/copo/save_indirect_po_mappings","200"
"/admin/copo/indirect_po_mapping","/admin/language/user_language/","200"
"/admin/copo/indirect_po_mapping","/admin/notification/notification_clear","200"
"/admin/copo/indirect_po_mapping","/admin/notification/notification_read","200"
"/admin/copo/indirect_po_mapping","/admin/subjectgroup/getGroupByClassId","200"
"/admin/copo/indirect_po_mapping","/admin/subjectgroup/getGroupsubjectsBySemesterType","200"
"/admin/copo/indirect_po_mapping","/Report/get_betweendate/","200"
"/admin/copo/indirect_po_mapping","/sections/getByClass","200"
"/admin/copo/lesson","/admin/alumni/getevent","200"
"/admin/copo/lesson","/admin/calendar/delete_event/","200"
"/admin/copo/lesson","/admin/calendar/getevents","200"
"/admin/copo/lesson","/admin/calendar/view_event/","200"
"/admin/copo/lesson","/admin/copo/getLessonCourseOutcomes","200"
"/admin/copo/lesson","/admin/copo/getLessonDetails","200"
"/admin/copo/lesson","/admin/copo/lesson","200"
"/admin/copo/lesson","/admin/copo/loadLessonContent","200"
"/admin/copo/lesson","/admin/copo/updateLesson","200"
"/admin/copo/lesson","/admin/language/user_language/","200"
"/admin/copo/lesson","/admin/notification/notification_clear","200"
"/admin/copo/lesson","/admin/notification/notification_read","200"
"/admin/copo/lesson","/admin/subjectgroup/getGroupByClassId","200"
"/admin/copo/lesson","/admin/subjectgroup/getGroupsubjectsBySemesterType","200"
"/admin/copo/lesson","/Report/get_betweendate/","200"
"/admin/copo/lesson","/sections/getByClass","200"
"/admin/copo/plan","/admin/alumni/getevent","200"
"/admin/copo/plan","/admin/calendar/delete_event/","200"
"/admin/copo/plan","/admin/calendar/getevents","200"
"/admin/copo/plan","/admin/calendar/view_event/","200"
"/admin/copo/plan","/admin/copo/add_info","200"
"/admin/copo/plan","/admin/copo/addBook","200"
"/admin/copo/plan","/admin/copo/addCourseObjective","200"
"/admin/copo/plan","/admin/copo/addGapsIdentified","200"
"/admin/copo/plan","/admin/copo/addIndustrialSector","200"
"/admin/copo/plan","/admin/copo/addInnovativePedagogyAdopted","200"
"/admin/copo/plan","/admin/copo/addJobProfiles","200"
"/admin/copo/plan","/admin/copo/addOtherActivity","200"
"/admin/copo/plan","/admin/copo/addSkillSet","200"
"/admin/copo/plan","/admin/copo/completeAndSend","200"
"/admin/copo/plan","/admin/copo/deleteElement","200"
"/admin/copo/plan","/admin/copo/forwordMessage","200"
"/admin/copo/plan","/admin/copo/getBook","200"
"/admin/copo/plan","/admin/copo/getCourseInfo","200"
"/admin/copo/plan","/admin/copo/getCourseObjective","200"
"/admin/copo/plan","/admin/copo/getGapsIdentified","200"
"/admin/copo/plan","/admin/copo/getIndustrialSector","200"
"/admin/copo/plan","/admin/copo/getInnovativePedagogyAdopted","200"
"/admin/copo/plan","/admin/copo/getJobProfile","200"
"/admin/copo/plan","/admin/copo/getOtherActivity","200"
"/admin/copo/plan","/admin/copo/getSkillSet","200"
"/admin/copo/plan","/admin/copo/getTabInfo/","200"
"/admin/copo/plan","/admin/copo/plan","200"
"/admin/copo/plan","/admin/copo/printSubjectPlan","200"
"/admin/copo/plan","/admin/copo/trackApprovalLog","200"
"/admin/copo/plan","/admin/language/user_language/","200"
"/admin/copo/plan","/admin/notification/notification_clear","200"
"/admin/copo/plan","/admin/notification/notification_read","200"
"/admin/copo/plan","/admin/subjectgroup/getGroupByClassId","200"
"/admin/copo/plan","/admin/subjectgroup/getGroupsubjectsBySemesterType","200"
"/admin/copo/plan","/Report/get_betweendate/","200"
"/admin/copo/plan","/sections/getByClass","200"
"/admin/copo/program_outcomes","/admin/alumni/getevent","200"
"/admin/copo/program_outcomes","/admin/calendar/delete_event/","200"
"/admin/copo/program_outcomes","/admin/calendar/getevents","200"
"/admin/copo/program_outcomes","/admin/calendar/view_event/","200"
"/admin/copo/program_outcomes","/admin/copo/getProgramOutcomes","200"
"/admin/copo/program_outcomes","/admin/copo/updateProgramOutcomes","200"
"/admin/copo/program_outcomes","/admin/language/user_language/","200"
"/admin/copo/program_outcomes","/admin/notification/notification_clear","200"
"/admin/copo/program_outcomes","/admin/notification/notification_read","200"
"/admin/copo/program_outcomes","/Report/get_betweendate/","200"
"/admin/copo/tlp_approve_list","/admin/alumni/getevent","200"
"/admin/copo/tlp_approve_list","/admin/calendar/delete_event/","200"
"/admin/copo/tlp_approve_list","/admin/calendar/getevents","200"
"/admin/copo/tlp_approve_list","/admin/calendar/view_event/","200"
"/admin/copo/tlp_approve_list","/admin/copo/approveandnext","200"
"/admin/copo/tlp_approve_list","/admin/copo/approveplan","200"
"/admin/copo/tlp_approve_list","/admin/copo/completeAndSend","200"
"/admin/copo/tlp_approve_list","/admin/copo/printSubjectPlan","200"
"/admin/copo/tlp_approve_list","/admin/copo/rejectplan","200"
"/admin/copo/tlp_approve_list","/admin/copo/trackApprovalLog","200"
"/admin/copo/tlp_approve_list","/admin/language/user_language/","200"
"/admin/copo/tlp_approve_list","/admin/notification/notification_clear","200"
"/admin/copo/tlp_approve_list","/admin/notification/notification_read","200"
"/admin/copo/tlp_approve_list","/Report/get_betweendate/","200"
"/admin/currency","/admin/alumni/getevent","200"
"/admin/currency","/admin/calendar/delete_event/","200"
"/admin/currency","/admin/calendar/getevents","200"
"/admin/currency","/admin/calendar/view_event/","200"
"/admin/currency","/admin/currency/changeactive","200"
"/admin/currency","/admin/currency/changestatus","200"
"/admin/currency","/admin/currency/editprice","200"
"/admin/currency","/admin/currency/editsymbol","200"
"/admin/currency","/admin/language/user_language/","200"
"/admin/currency","/admin/notification/notification_clear","200"
"/admin/currency","/admin/notification/notification_read","200"
"/admin/currency","/Report/get_betweendate/","200"
"/admin/customfield","/admin/alumni/getevent","200"
"/admin/customfield","/admin/calendar/delete_event/","200"
"/admin/customfield","/admin/calendar/getevents","200"
"/admin/customfield","/admin/calendar/view_event/","200"
"/admin/customfield","/admin/customfield","200"
"/admin/customfield","/admin/customfield/get_custom_field_value","200"
"/admin/customfield","/admin/customfield/updateorder","200"
"/admin/customfield","/admin/language/user_language/","200"
"/admin/customfield","/admin/notification/notification_clear","200"
"/admin/customfield","/admin/notification/notification_read","200"
"/admin/customfield","/Report/get_betweendate/","200"
"/admin/dashboard","/admin/alumni/getevent","200"
"/admin/dashboard","/admin/calendar/delete_event/","200"
"/admin/dashboard","/admin/calendar/getevents","200"
"/admin/dashboard","/admin/calendar/view_event/","200"
"/admin/dashboard","/admin/dashboard","200"
"/admin/dashboard","/admin/language/user_language/","200"
"/admin/dashboard","/admin/notification/notification_clear","200"
"/admin/dashboard","/admin/notification/notification_read","200"
"/admin/dashboard","/classes/getByProgram","200"
"/admin/dashboard","/department/getCoursesByDepartment","200"
"/admin/dashboard","/Report/get_betweendate/","200"
"/admin/department/department","/admin/alumni/getevent","200"
"/admin/department/department","/admin/calendar/delete_event/","200"
"/admin/department/department","/admin/calendar/getevents","200"
"/admin/department/department","/admin/calendar/view_event/","200"
"/admin/department/department","/admin/department/department","200"
"/admin/department/department","/admin/language/user_language/","200"
"/admin/department/department","/admin/notification/notification_clear","200"
"/admin/department/department","/admin/notification/notification_read","200"
"/admin/department/department","/Report/get_betweendate/","200"
"/admin/designation/designation","/admin/alumni/getevent","200"
"/admin/designation/designation","/admin/calendar/delete_event/","200"
"/admin/designation/designation","/admin/calendar/getevents","200"
"/admin/designation/designation","/admin/calendar/view_event/","200"
"/admin/designation/designation","/admin/designation/designation","200"
"/admin/designation/designation","/admin/language/user_language/","200"
"/admin/designation/designation","/admin/notification/notification_clear","200"
"/admin/designation/designation","/admin/notification/notification_read","200"
"/admin/designation/designation","/Report/get_betweendate/","200"
"/admin/disable_reason","/admin/alumni/getevent","200"
"/admin/disable_reason","/admin/calendar/delete_event/","200"
"/admin/disable_reason","/admin/calendar/getevents","200"
"/admin/disable_reason","/admin/calendar/view_event/","200"
"/admin/disable_reason","/admin/disable_reason","200"
"/admin/disable_reason","/admin/language/user_language/","200"
"/admin/disable_reason","/admin/notification/notification_clear","200"
"/admin/disable_reason","/admin/notification/notification_read","200"
"/admin/disable_reason","/Report/get_betweendate/","200"
"/admin/dispatch","/admin/alumni/getevent","200"
"/admin/dispatch","/admin/calendar/delete_event/","200"
"/admin/dispatch","/admin/calendar/getevents","200"
"/admin/dispatch","/admin/calendar/view_event/","200"
"/admin/dispatch","/admin/dispatch","200"
"/admin/dispatch","/admin/dispatch/details/","200"
"/admin/dispatch","/admin/language/user_language/","200"
"/admin/dispatch","/admin/notification/notification_clear","200"
"/admin/dispatch","/admin/notification/notification_read","200"
"/admin/dispatch","/Report/get_betweendate/","200"
"/admin/enquiry","/admin/alumni/getevent","200"
"/admin/enquiry","/admin/calendar/delete_event/","200"
"/admin/enquiry","/admin/calendar/getevents","200"
"/admin/enquiry","/admin/calendar/view_event/","200"
"/admin/enquiry","/admin/enquiry","200"
"/admin/enquiry","/admin/enquiry/add/","200"
"/admin/enquiry","/admin/enquiry/check_number","200"
"/admin/enquiry","/admin/enquiry/delete/","200"
"/admin/enquiry","/admin/enquiry/details/","200"
"/admin/enquiry","/admin/enquiry/editpost/","200"
"/admin/enquiry","/admin/enquiry/follow_up/","200"
"/admin/enquiry","/admin/enquiry/follow_up_list/","200"
"/admin/enquiry","/admin/language/user_language/","200"
"/admin/enquiry","/admin/notification/notification_clear","200"
"/admin/enquiry","/admin/notification/notification_read","200"
"/admin/enquiry","/Report/get_betweendate/","200"
"/admin/exam_schedule","/admin/alumni/getevent","200"
"/admin/exam_schedule","/admin/calendar/delete_event/","200"
"/admin/exam_schedule","/admin/calendar/getevents","200"
"/admin/exam_schedule","/admin/calendar/view_event/","200"
"/admin/exam_schedule","/admin/exam_schedule","200"
"/admin/exam_schedule","/admin/exam_schedule/getClassAndDepartment","200"
"/admin/exam_schedule","/admin/examgroup/getExamByExamgroup","200"
"/admin/exam_schedule","/admin/language/user_language/","200"
"/admin/exam_schedule","/admin/notification/notification_clear","200"
"/admin/exam_schedule","/admin/notification/notification_read","200"
"/admin/exam_schedule","/Report/get_betweendate/","200"
"/admin/exam_schedule","/sections/getByClass","200"
"/admin/examgroup","/admin/alumni/getevent","200"
"/admin/examgroup","/admin/calendar/delete_event/","200"
"/admin/examgroup","/admin/calendar/getevents","200"
"/admin/examgroup","/admin/calendar/view_event/","200"
"/admin/examgroup","/admin/examgroup","200"
"/admin/examgroup","/admin/examgroup/sgpi_student_list","200"
"/admin/examgroup","/admin/examgroup/uploadfileSpgi","200"
"/admin/examgroup","/admin/examgroup/uploadLegacyResults","200"
"/admin/examgroup","/admin/language/user_language/","200"
"/admin/examgroup","/admin/notification/notification_clear","200"
"/admin/examgroup","/admin/notification/notification_read","200"
"/admin/examgroup","/Report/get_betweendate/","200"
"/admin/examgroup","/sections/getByClass","200"
"/admin/examgroup/displaymarksexamsubjwise","/admin/alumni/getevent","200"
"/admin/examgroup/displaymarksexamsubjwise","/admin/calendar/delete_event/","200"
"/admin/examgroup/displaymarksexamsubjwise","/admin/calendar/getevents","200"
"/admin/examgroup/displaymarksexamsubjwise","/admin/calendar/view_event/","200"
"/admin/examgroup/displaymarksexamsubjwise","/admin/examgroup/displaymarksexamsubjwise","200"
"/admin/examgroup/displaymarksexamsubjwise","/admin/examgroup/getClassByExamgroup","200"
"/admin/examgroup/displaymarksexamsubjwise","/admin/examgroup/getExamByExamgroup","200"
"/admin/examgroup/displaymarksexamsubjwise","/admin/examgroup/getsubjectByExamgroup","200"
"/admin/examgroup/displaymarksexamsubjwise","/admin/examgroup/uploadfile","200"
"/admin/examgroup/displaymarksexamsubjwise","/admin/language/user_language/","200"
"/admin/examgroup/displaymarksexamsubjwise","/admin/notification/notification_clear","200"
"/admin/examgroup/displaymarksexamsubjwise","/admin/notification/notification_read","200"
"/admin/examgroup/displaymarksexamsubjwise","/admin/subjectgroup/getGroupByClassandSection","200"
"/admin/examgroup/displaymarksexamsubjwise","/Report/get_betweendate/","200"
"/admin/examgroup/displaymarksexamsubjwise","/sections/getByClass","200"
"/admin/examgroup/exam_form","/admin/alumni/getevent","200"
"/admin/examgroup/exam_form","/admin/calendar/delete_event/","200"
"/admin/examgroup/exam_form","/admin/calendar/getevents","200"
"/admin/examgroup/exam_form","/admin/calendar/view_event/","200"
"/admin/examgroup/exam_form","/admin/examgroup/addfeegrp","200"
"/admin/examgroup/exam_form","/admin/examgroup/delete_exam_form","200"
"/admin/examgroup/exam_form","/admin/examgroup/exam_form","200"
"/admin/examgroup/exam_form","/admin/examgroup/generate_exam_form_pdf","200"
"/admin/examgroup/exam_form","/admin/examgroup/getcollectfee","200"
"/admin/examgroup/exam_form","/admin/language/user_language/","200"
"/admin/examgroup/exam_form","/admin/notification/notification_clear","200"
"/admin/examgroup/exam_form","/admin/notification/notification_read","200"
"/admin/examgroup/exam_form","/admin/subjectgroup/getSemesterByClass","200"
"/admin/examgroup/exam_form","/classes/getSpecializationByClass","200"
"/admin/examgroup/exam_form","/outcome_basis_education/assessment_tool_co_pdf","200"
"/admin/examgroup/exam_form","/Report/get_betweendate/","200"
"/admin/examgroup/exam_form","/sections/getByClass","200"
"/admin/examgroup/exam_form","/user/exam/semesterWiseSubject","200"
"/admin/examgroup/exam_remuneration_bill","/admin/alumni/getevent","200"
"/admin/examgroup/exam_remuneration_bill","/admin/calendar/delete_event/","200"
"/admin/examgroup/exam_remuneration_bill","/admin/calendar/getevents","200"
"/admin/examgroup/exam_remuneration_bill","/admin/calendar/view_event/","200"
"/admin/examgroup/exam_remuneration_bill","/admin/examgroup/checkEntries","200"
"/admin/examgroup/exam_remuneration_bill","/admin/examgroup/create_remuneration","200"
"/admin/examgroup/exam_remuneration_bill","/admin/examgroup/get_rate_by_marks","200"
"/admin/examgroup/exam_remuneration_bill","/admin/examgroup/get_vertix_by_subject","200"
"/admin/examgroup/exam_remuneration_bill","/admin/examgroup/getByClassAndSemester","200"
"/admin/examgroup/exam_remuneration_bill","/admin/examgroup/getHoursBySupervision","200"
"/admin/examgroup/exam_remuneration_bill","/admin/examgroup/getRateBySupervisionAndHours","200"
"/admin/examgroup/exam_remuneration_bill","/admin/examgroup/print_remuneration/","200"
"/admin/examgroup/exam_remuneration_bill","/admin/language/user_language/","200"
"/admin/examgroup/exam_remuneration_bill","/admin/notification/notification_clear","200"
"/admin/examgroup/exam_remuneration_bill","/admin/notification/notification_read","200"
"/admin/examgroup/exam_remuneration_bill","/classes/getByProgram","200"
"/admin/examgroup/exam_remuneration_bill","/delete_all_remuneration","200"
"/admin/examgroup/exam_remuneration_bill","/delete_remuneration_row","200"
"/admin/examgroup/exam_remuneration_bill","/Report/get_betweendate/","200"
"/admin/examgroup/exam_type","/admin/alumni/getevent","200"
"/admin/examgroup/exam_type","/admin/calendar/delete_event/","200"
"/admin/examgroup/exam_type","/admin/calendar/getevents","200"
"/admin/examgroup/exam_type","/admin/calendar/view_event/","200"
"/admin/examgroup/exam_type","/admin/examgroup/exam_type","200"
"/admin/examgroup/exam_type","/admin/language/user_language/","200"
"/admin/examgroup/exam_type","/admin/notification/notification_clear","200"
"/admin/examgroup/exam_type","/admin/notification/notification_read","200"
"/admin/examgroup/exam_type","/Report/get_betweendate/","200"
"/admin/examgroup/markEntrySingleSubject","/admin/alumni/getevent","200"
"/admin/examgroup/markEntrySingleSubject","/admin/calendar/delete_event/","200"
"/admin/examgroup/markEntrySingleSubject","/admin/calendar/getevents","200"
"/admin/examgroup/markEntrySingleSubject","/admin/calendar/view_event/","200"
"/admin/examgroup/markEntrySingleSubject","/admin/examgroup/getClassByExamgroup","200"
"/admin/examgroup/markEntrySingleSubject","/admin/examgroup/getExamByExamgroup","200"
"/admin/examgroup/markEntrySingleSubject","/admin/examgroup/getExamSubject","200"
"/admin/examgroup/markEntrySingleSubject","/admin/examgroup/markEntrySingleSubject","200"
"/admin/examgroup/markEntrySingleSubject","/admin/examgroup/subject_marks_exportformat","200"
"/admin/examgroup/markEntrySingleSubject","/admin/examgroup/uploadfilecsv","200"
"/admin/examgroup/markEntrySingleSubject","/admin/language/user_language/","200"
"/admin/examgroup/markEntrySingleSubject","/admin/notification/notification_clear","200"
"/admin/examgroup/markEntrySingleSubject","/admin/notification/notification_read","200"
"/admin/examgroup/markEntrySingleSubject","/Report/get_betweendate/","200"
"/admin/examgroup/markEntrySingleSubject","/sections/getByClass","200"
"/admin/examgroup/markEntrySubjectwise","/admin/alumni/getevent","200"
"/admin/examgroup/markEntrySubjectwise","/admin/calendar/delete_event/","200"
"/admin/examgroup/markEntrySubjectwise","/admin/calendar/getevents","200"
"/admin/examgroup/markEntrySubjectwise","/admin/calendar/view_event/","200"
"/admin/examgroup/markEntrySubjectwise","/admin/examgroup/getClassByExamgroup","200"
"/admin/examgroup/markEntrySubjectwise","/admin/examgroup/getsubjectByExamgroup","200"
"/admin/examgroup/markEntrySubjectwise","/admin/examgroup/markentrysubjectwise","200"
"/admin/examgroup/markEntrySubjectwise","/admin/examgroup/subjectwise_uploadfile","200"
"/admin/examgroup/markEntrySubjectwise","/admin/language/user_language/","200"
"/admin/examgroup/markEntrySubjectwise","/admin/notification/notification_clear","200"
"/admin/examgroup/markEntrySubjectwise","/admin/notification/notification_read","200"
"/admin/examgroup/markEntrySubjectwise","/Report/get_betweendate/","200"
"/admin/examgroup/markEntrySubjectwise","/sections/getByClass","200"
"/admin/examgroup/remuneration_hoursetup","/admin/alumni/getevent","200"
"/admin/examgroup/remuneration_hoursetup","/admin/calendar/delete_event/","200"
"/admin/examgroup/remuneration_hoursetup","/admin/calendar/getevents","200"
"/admin/examgroup/remuneration_hoursetup","/admin/calendar/view_event/","200"
"/admin/examgroup/remuneration_hoursetup","/admin/examgroup/remuneration_hoursetup","200"
"/admin/examgroup/remuneration_hoursetup","/admin/language/user_language/","200"
"/admin/examgroup/remuneration_hoursetup","/admin/notification/notification_clear","200"
"/admin/examgroup/remuneration_hoursetup","/admin/notification/notification_read","200"
"/admin/examgroup/remuneration_hoursetup","/Report/get_betweendate/","200"
"/admin/examgroup/remuneration_setup","/admin/alumni/getevent","200"
"/admin/examgroup/remuneration_setup","/admin/calendar/delete_event/","200"
"/admin/examgroup/remuneration_setup","/admin/calendar/getevents","200"
"/admin/examgroup/remuneration_setup","/admin/calendar/view_event/","200"
"/admin/examgroup/remuneration_setup","/admin/examgroup/remuneration_setup","200"
"/admin/examgroup/remuneration_setup","/admin/language/user_language/","200"
"/admin/examgroup/remuneration_setup","/admin/notification/notification_clear","200"
"/admin/examgroup/remuneration_setup","/admin/notification/notification_read","200"
"/admin/examgroup/remuneration_setup","/Report/get_betweendate/","200"
"/admin/examgroup/revaluation_form","/admin/alumni/getevent","200"
"/admin/examgroup/revaluation_form","/admin/calendar/delete_event/","200"
"/admin/examgroup/revaluation_form","/admin/calendar/getevents","200"
"/admin/examgroup/revaluation_form","/admin/calendar/view_event/","200"
"/admin/examgroup/revaluation_form","/admin/examgroup/addrevaluationfeegrp","200"
"/admin/examgroup/revaluation_form","/admin/examgroup/delete_revaluation_form","200"
"/admin/examgroup/revaluation_form","/admin/examgroup/generate_revaluation_exam_form_pdf","200"
"/admin/examgroup/revaluation_form","/admin/examgroup/getcollectfee","200"
"/admin/examgroup/revaluation_form","/admin/examgroup/revaluation_form","200"
"/admin/examgroup/revaluation_form","/admin/language/user_language/","200"
"/admin/examgroup/revaluation_form","/admin/notification/notification_clear","200"
"/admin/examgroup/revaluation_form","/admin/notification/notification_read","200"
"/admin/examgroup/revaluation_form","/classes/getSpecializationByClass","200"
"/admin/examgroup/revaluation_form","/outcome_basis_education/assessment_tool_co_pdf","200"
"/admin/examgroup/revaluation_form","/Report/get_betweendate/","200"
"/admin/examgroup/revaluation_form","/sections/getByClass","200"
"/admin/examgroup/revaluation_form","/user/exam/semesterWiseSubject","200"
"/admin/exammarksheet","/admin/alumni/getevent","200"
"/admin/exammarksheet","/admin/calendar/delete_event/","200"
"/admin/exammarksheet","/admin/calendar/getevents","200"
"/admin/exammarksheet","/admin/calendar/view_event/","200"
"/admin/exammarksheet","/admin/exammarksheet/view","200"
"/admin/exammarksheet","/admin/language/user_language/","200"
"/admin/exammarksheet","/admin/notification/notification_clear","200"
"/admin/exammarksheet","/admin/notification/notification_read","200"
"/admin/exammarksheet","/Report/get_betweendate/","200"
"/admin/exammarksheet/marksheet","/admin/alumni/getevent","200"
"/admin/exammarksheet/marksheet","/admin/calendar/delete_event/","200"
"/admin/exammarksheet/marksheet","/admin/calendar/getevents","200"
"/admin/exammarksheet/marksheet","/admin/calendar/view_event/","200"
"/admin/exammarksheet/marksheet","/admin/examgroup/getExamByExamgroup","200"
"/admin/exammarksheet/marksheet","/admin/exammarksheet/marksheet","200"
"/admin/exammarksheet/marksheet","/admin/exammarksheet/print_certificate","200"
"/admin/exammarksheet/marksheet","/admin/exammarksheet/shareMarksheet","200"
"/admin/exammarksheet/marksheet","/admin/exammarksheet/viewmarksheet","200"
"/admin/exammarksheet/marksheet","/admin/language/user_language/","200"
"/admin/exammarksheet/marksheet","/admin/notification/notification_clear","200"
"/admin/exammarksheet/marksheet","/admin/notification/notification_read","200"
"/admin/exammarksheet/marksheet","/Report/get_betweendate/","200"
"/admin/exammarksheet/marksheet","/sections/getByClass","200"
"/admin/examresult","/admin/alumni/getevent","200"
"/admin/examresult","/admin/calendar/delete_event/","200"
"/admin/examresult","/admin/calendar/getevents","200"
"/admin/examresult","/admin/calendar/view_event/","200"
"/admin/examresult","/admin/examgroup/getExamByExamgroup","200"
"/admin/examresult","/admin/examresult","200"
"/admin/examresult","/admin/language/user_language/","200"
"/admin/examresult","/admin/notification/notification_clear","200"
"/admin/examresult","/admin/notification/notification_read","200"
"/admin/examresult","/Report/get_betweendate/","200"
"/admin/examresult","/sections/getByClass","200"
"/admin/examresult/admitcard","/admin/alumni/getevent","200"
"/admin/examresult/admitcard","/admin/calendar/delete_event/","200"
"/admin/examresult/admitcard","/admin/calendar/getevents","200"
"/admin/examresult/admitcard","/admin/calendar/view_event/","200"
"/admin/examresult/admitcard","/admin/examgroup/getClassByExamAndExamGroup","200"
"/admin/examresult/admitcard","/admin/examgroup/getExamByExamgroup","200"
"/admin/examresult/admitcard","/admin/examgroup/getExamByExamGroupClassSection","200"
"/admin/examresult/admitcard","/admin/examresult/admitcard","200"
"/admin/examresult/admitcard","/admin/examresult/sharePrintCard","200"
"/admin/examresult/admitcard","/admin/language/user_language/","200"
"/admin/examresult/admitcard","/admin/notification/notification_clear","200"
"/admin/examresult/admitcard","/admin/notification/notification_read","200"
"/admin/examresult/admitcard","/admin/subjectgroup/getSemByExamgroup","200"
"/admin/examresult/admitcard","/Report/get_betweendate/","200"
"/admin/examresult/admitcard","/sections/getByClass","200"
"/admin/examresult/backlog","/admin/alumni/getevent","200"
"/admin/examresult/backlog","/admin/calendar/delete_event/","200"
"/admin/examresult/backlog","/admin/calendar/getevents","200"
"/admin/examresult/backlog","/admin/calendar/view_event/","200"
"/admin/examresult/backlog","/admin/language/user_language/","200"
"/admin/examresult/backlog","/admin/notification/notification_clear","200"
"/admin/examresult/backlog","/admin/notification/notification_read","200"
"/admin/examresult/backlog","/Report/get_betweendate/","200"
"/admin/examresult/backlog","/user/examschedule/getexamscheduledetail","200"
"/admin/examresult/exam_result_block_unblock","/admin/alumni/getevent","200"
"/admin/examresult/exam_result_block_unblock","/admin/calendar/delete_event/","200"
"/admin/examresult/exam_result_block_unblock","/admin/calendar/getevents","200"
"/admin/examresult/exam_result_block_unblock","/admin/calendar/view_event/","200"
"/admin/examresult/exam_result_block_unblock","/admin/examresult/exam_result_block_unblock","200"
"/admin/examresult/exam_result_block_unblock","/admin/examresult/save_exam_result_block_unblock","200"
"/admin/examresult/exam_result_block_unblock","/admin/language/user_language/","200"
"/admin/examresult/exam_result_block_unblock","/admin/notification/notification_clear","200"
"/admin/examresult/exam_result_block_unblock","/admin/notification/notification_read","200"
"/admin/examresult/exam_result_block_unblock","/Report/get_betweendate/","200"
"/admin/examresult/exam_result_block_unblock","/sections/getByClass","200"
"/admin/examresult/examinations","/admin/alumni/getevent","200"
"/admin/examresult/examinations","/admin/calendar/delete_event/","200"
"/admin/examresult/examinations","/admin/calendar/getevents","200"
"/admin/examresult/examinations","/admin/calendar/view_event/","200"
"/admin/examresult/examinations","/admin/language/user_language/","200"
"/admin/examresult/examinations","/admin/notification/notification_clear","200"
"/admin/examresult/examinations","/admin/notification/notification_read","200"
"/admin/examresult/examinations","/Report/get_betweendate/","200"
"/admin/examresult/marksheet","/admin/alumni/getevent","200"
"/admin/examresult/marksheet","/admin/calendar/delete_event/","200"
"/admin/examresult/marksheet","/admin/calendar/getevents","200"
"/admin/examresult/marksheet","/admin/calendar/view_event/","200"
"/admin/examresult/marksheet","/admin/examgroup/getExamByExamgroup","200"
"/admin/examresult/marksheet","/admin/examresult/marksheet","200"
"/admin/examresult/marksheet","/admin/examresult/pdftmarksheet","200"
"/admin/examresult/marksheet","/admin/examresult/print_certificate","200"
"/admin/examresult/marksheet","/admin/examresult/shareMarksheet","200"
"/admin/examresult/marksheet","/admin/examresult/viewmarksheet","200"
"/admin/examresult/marksheet","/admin/language/user_language/","200"
"/admin/examresult/marksheet","/admin/notification/notification_clear","200"
"/admin/examresult/marksheet","/admin/notification/notification_read","200"
"/admin/examresult/marksheet","/Report/get_betweendate/","200"
"/admin/examresult/marksheet","/sections/getByClass","200"
"/admin/expense","/admin/alumni/getevent","200"
"/admin/expense","/admin/calendar/delete_event/","200"
"/admin/expense","/admin/calendar/getevents","200"
"/admin/expense","/admin/calendar/view_event/","200"
"/admin/expense","/admin/expense","200"
"/admin/expense","/admin/expense/getexpenselist","200"
"/admin/expense","/admin/language/user_language/","200"
"/admin/expense","/admin/notification/notification_clear","200"
"/admin/expense","/admin/notification/notification_read","200"
"/admin/expense","/Report/get_betweendate/","200"
"/admin/expense/expensesearch","/admin/alumni/getevent","200"
"/admin/expense/expensesearch","/admin/calendar/delete_event/","200"
"/admin/expense/expensesearch","/admin/calendar/getevents","200"
"/admin/expense/expensesearch","/admin/calendar/view_event/","200"
"/admin/expense/expensesearch","/admin/expense/getsearchexpenselist","200"
"/admin/expense/expensesearch","/admin/expense/search","200"
"/admin/expense/expensesearch","/admin/language/user_language/","200"
"/admin/expense/expensesearch","/admin/notification/notification_clear","200"
"/admin/expense/expensesearch","/admin/notification/notification_read","200"
"/admin/expense/expensesearch","/Report/get_betweendate/","200"
"/admin/expensehead","/admin/alumni/getevent","200"
"/admin/expensehead","/admin/calendar/delete_event/","200"
"/admin/expensehead","/admin/calendar/getevents","200"
"/admin/expensehead","/admin/calendar/view_event/","200"
"/admin/expensehead","/admin/expensehead/ajaxSearch","200"
"/admin/expensehead","/admin/expensehead/create","200"
"/admin/expensehead","/admin/language/user_language/","200"
"/admin/expensehead","/admin/notification/notification_clear","200"
"/admin/expensehead","/admin/notification/notification_read","200"
"/admin/expensehead","/Report/get_betweendate/","200"
"/admin/fee_receipt_import","/admin/alumni/getevent","200"
"/admin/fee_receipt_import","/admin/calendar/delete_event/","200"
"/admin/fee_receipt_import","/admin/calendar/getevents","200"
"/admin/fee_receipt_import","/admin/calendar/view_event/","200"
"/admin/fee_receipt_import","/admin/fee_receipt_import/upload","200"
"/admin/fee_receipt_import","/admin/language/user_language/","200"
"/admin/fee_receipt_import","/admin/notification/notification_clear","200"
"/admin/fee_receipt_import","/admin/notification/notification_read","200"
"/admin/fee_receipt_import","/Report/get_betweendate/","200"
"/admin/feediscount","/admin/alumni/getevent","200"
"/admin/feediscount","/admin/calendar/delete_event/","200"
"/admin/feediscount","/admin/calendar/getevents","200"
"/admin/feediscount","/admin/calendar/view_event/","200"
"/admin/feediscount","/admin/feediscount","200"
"/admin/feediscount","/admin/language/user_language/","200"
"/admin/feediscount","/admin/notification/notification_clear","200"
"/admin/feediscount","/admin/notification/notification_read","200"
"/admin/feediscount","/Report/get_betweendate/","200"
"/admin/feegroup","/admin/alumni/getevent","200"
"/admin/feegroup","/admin/calendar/delete_event/","200"
"/admin/feegroup","/admin/calendar/getevents","200"
"/admin/feegroup","/admin/calendar/view_event/","200"
"/admin/feegroup","/admin/feegroup","200"
"/admin/feegroup","/admin/language/user_language/","200"
"/admin/feegroup","/admin/notification/notification_clear","200"
"/admin/feegroup","/admin/notification/notification_read","200"
"/admin/feegroup","/Report/get_betweendate/","200"
"/admin/feemaster","/admin/alumni/getevent","200"
"/admin/feemaster","/admin/calendar/delete_event/","200"
"/admin/feemaster","/admin/calendar/getevents","200"
"/admin/feemaster","/admin/calendar/view_event/","200"
"/admin/feemaster","/admin/feemaster","200"
"/admin/feemaster","/admin/feemaster/getSpecialization","200"
"/admin/feemaster","/admin/language/user_language/","200"
"/admin/feemaster","/admin/notification/notification_clear","200"
"/admin/feemaster","/admin/notification/notification_read","200"
"/admin/feemaster","/Report/get_betweendate/","200"
"/admin/feemastercoursewise","/admin/alumni/getevent","200"
"/admin/feemastercoursewise","/admin/calendar/delete_event/","200"
"/admin/feemastercoursewise","/admin/calendar/getevents","200"
"/admin/feemastercoursewise","/admin/calendar/view_event/","200"
"/admin/feemastercoursewise","/admin/feemastercoursewise/getclasssectionwisesubjects","200"
"/admin/feemastercoursewise","/admin/feemastercoursewise/getFeeDetails","200"
"/admin/feemastercoursewise","/admin/feemastercoursewise/getSpecializationByClassSections","200"
"/admin/feemastercoursewise","/admin/feemastercoursewise/save","200"
"/admin/feemastercoursewise","/admin/language/user_language/","200"
"/admin/feemastercoursewise","/admin/notification/notification_clear","200"
"/admin/feemastercoursewise","/admin/notification/notification_read","200"
"/admin/feemastercoursewise","/admin/subjectgroup/getSemesterByClass","200"
"/admin/feemastercoursewise","/Report/get_betweendate/","200"
"/admin/feemastercoursewise","/sections/getByClass","200"
"/admin/feereminder/setting","/admin/alumni/getevent","200"
"/admin/feereminder/setting","/admin/calendar/delete_event/","200"
"/admin/feereminder/setting","/admin/calendar/getevents","200"
"/admin/feereminder/setting","/admin/calendar/view_event/","200"
"/admin/feereminder/setting","/admin/feereminder/setting","200"
"/admin/feereminder/setting","/admin/language/user_language/","200"
"/admin/feereminder/setting","/admin/notification/notification_clear","200"
"/admin/feereminder/setting","/admin/notification/notification_read","200"
"/admin/feereminder/setting","/Report/get_betweendate/","200"
"/admin/fees_installment","/admin/alumni/getevent","200"
"/admin/fees_installment","/admin/calendar/delete_event/","200"
"/admin/fees_installment","/admin/calendar/getevents","200"
"/admin/fees_installment","/admin/calendar/view_event/","200"
"/admin/fees_installment","/admin/fees_installment","200"
"/admin/fees_installment","/admin/language/user_language/","200"
"/admin/fees_installment","/admin/notification/notification_clear","200"
"/admin/fees_installment","/admin/notification/notification_read","200"
"/admin/fees_installment","/Report/get_betweendate/","200"
"/admin/fees_type_group","/admin/alumni/getevent","200"
"/admin/fees_type_group","/admin/calendar/delete_event/","200"
"/admin/fees_type_group","/admin/calendar/getevents","200"
"/admin/fees_type_group","/admin/calendar/view_event/","200"
"/admin/fees_type_group","/admin/fees_type_group","200"
"/admin/fees_type_group","/admin/language/user_language/","200"
"/admin/fees_type_group","/admin/notification/notification_clear","200"
"/admin/fees_type_group","/admin/notification/notification_read","200"
"/admin/fees_type_group","/Report/get_betweendate/","200"
"/admin/feesforward","/admin/alumni/getevent","200"
"/admin/feesforward","/admin/calendar/delete_event/","200"
"/admin/feesforward","/admin/calendar/getevents","200"
"/admin/feesforward","/admin/calendar/view_event/","200"
"/admin/feesforward","/admin/feesforward/index","200"
"/admin/feesforward","/admin/language/user_language/","200"
"/admin/feesforward","/admin/notification/notification_clear","200"
"/admin/feesforward","/admin/notification/notification_read","200"
"/admin/feesforward","/Report/get_betweendate/","200"
"/admin/feesforward","/sections/getByClass","200"
"/admin/feetype","/admin/alumni/getevent","200"
"/admin/feetype","/admin/calendar/delete_event/","200"
"/admin/feetype","/admin/calendar/getevents","200"
"/admin/feetype","/admin/calendar/view_event/","200"
"/admin/feetype","/admin/feetype","200"
"/admin/feetype","/admin/language/user_language/","200"
"/admin/feetype","/admin/notification/notification_clear","200"
"/admin/feetype","/admin/notification/notification_read","200"
"/admin/feetype","/Report/get_betweendate/","200"
"/admin/fine_rules","/admin/alumni/getevent","200"
"/admin/fine_rules","/admin/calendar/delete_event/","200"
"/admin/fine_rules","/admin/calendar/getevents","200"
"/admin/fine_rules","/admin/calendar/view_event/","200"
"/admin/fine_rules","/admin/fine_rules/create","200"
"/admin/fine_rules","/admin/language/user_language/","200"
"/admin/fine_rules","/admin/notification/notification_clear","200"
"/admin/fine_rules","/admin/notification/notification_read","200"
"/admin/fine_rules","/Report/get_betweendate/","200"
"/admin/flowmaster/add_event","/admin/alumni/getevent","200"
"/admin/flowmaster/add_event","/admin/calendar/delete_event/","200"
"/admin/flowmaster/add_event","/admin/calendar/getevents","200"
"/admin/flowmaster/add_event","/admin/calendar/view_event/","200"
"/admin/flowmaster/add_event","/admin/flowmaster/create","200"
"/admin/flowmaster/add_event","/admin/flowmaster/delete_data","200"
"/admin/flowmaster/add_event","/admin/flowmaster/delete_staff","200"
"/admin/flowmaster/add_event","/admin/language/user_language/","200"
"/admin/flowmaster/add_event","/admin/notification/notification_clear","200"
"/admin/flowmaster/add_event","/admin/notification/notification_read","200"
"/admin/flowmaster/add_event","/Report/get_betweendate/","200"
"/admin/flowmaster/event_list","/admin/alumni/getevent","200"
"/admin/flowmaster/event_list","/admin/calendar/delete_event/","200"
"/admin/flowmaster/event_list","/admin/calendar/getevents","200"
"/admin/flowmaster/event_list","/admin/calendar/view_event/","200"
"/admin/flowmaster/event_list","/admin/flowmaster/approve_event","200"
"/admin/flowmaster/event_list","/admin/flowmaster/assign_participant_event_details","200"
"/admin/flowmaster/event_list","/admin/flowmaster/assigned_participant_event_details","200"
"/admin/flowmaster/event_list","/admin/flowmaster/delete_event","200"
"/admin/flowmaster/event_list","/admin/flowmaster/event_reject","200"
"/admin/flowmaster/event_list","/admin/flowmaster/get_current_event","200"
"/admin/flowmaster/event_list","/admin/flowmaster/manageEventParticipants/","200"
"/admin/flowmaster/event_list","/admin/flowmaster/print_edetail_sign","200"
"/admin/flowmaster/event_list","/admin/flowmaster/print_edetail_stdReport","200"
"/admin/flowmaster/event_list","/admin/flowmaster/printParticipants/","200"
"/admin/flowmaster/event_list","/admin/flowmaster/report_event_details","200"
"/admin/flowmaster/event_list","/admin/flowmaster/show_activity_images","200"
"/admin/flowmaster/event_list","/admin/flowmaster/show_postevent","200"
"/admin/flowmaster/event_list","/admin/flowmaster/singledelete_activity/","200"
"/admin/flowmaster/event_list","/admin/flowmaster/singledelete_activity_image/","200"
"/admin/flowmaster/event_list","/admin/flowmaster/track_event","200"
"/admin/flowmaster/event_list","/admin/flowmaster/update_event_participant","200"
"/admin/flowmaster/event_list","/admin/flowmaster/upload_invoice","200"
"/admin/flowmaster/event_list","/admin/flowmaster/upload_postevent","200"
"/admin/flowmaster/event_list","/admin/flowmaster/view_event_details","200"
"/admin/flowmaster/event_list","/admin/language/user_language/","200"
"/admin/flowmaster/event_list","/admin/notification/notification_clear","200"
"/admin/flowmaster/event_list","/admin/notification/notification_read","200"
"/admin/flowmaster/event_list","/feedback/getsectionbyclassid","200"
"/admin/flowmaster/event_list","/feedback/searchnew","200"
"/admin/flowmaster/event_list","/Report/get_betweendate/","200"
"/admin/front/banner","/admin/alumni/getevent","200"
"/admin/front/banner","/admin/calendar/delete_event/","200"
"/admin/front/banner","/admin/calendar/getevents","200"
"/admin/front/banner","/admin/calendar/view_event/","200"
"/admin/front/banner","/admin/front/banner/add","200"
"/admin/front/banner","/admin/front/banner/remove","200"
"/admin/front/banner","/admin/front/media/getMedia","200"
"/admin/front/banner","/admin/language/user_language/","200"
"/admin/front/banner","/admin/notification/notification_clear","200"
"/admin/front/banner","/admin/notification/notification_read","200"
"/admin/front/banner","/Report/get_betweendate/","200"
"/admin/front/events","/admin/alumni/getevent","200"
"/admin/front/events","/admin/calendar/delete_event/","200"
"/admin/front/events","/admin/calendar/getevents","200"
"/admin/front/events","/admin/calendar/view_event/","200"
"/admin/front/events","/admin/language/user_language/","200"
"/admin/front/events","/admin/notification/notification_clear","200"
"/admin/front/events","/admin/notification/notification_read","200"
"/admin/front/events","/Report/get_betweendate/","200"
"/admin/front/gallery","/admin/alumni/getevent","200"
"/admin/front/gallery","/admin/calendar/delete_event/","200"
"/admin/front/gallery","/admin/calendar/getevents","200"
"/admin/front/gallery","/admin/calendar/view_event/","200"
"/admin/front/gallery","/admin/language/user_language/","200"
"/admin/front/gallery","/admin/notification/notification_clear","200"
"/admin/front/gallery","/admin/notification/notification_read","200"
"/admin/front/gallery","/Report/get_betweendate/","200"
"/admin/front/media","/admin/alumni/getevent","200"
"/admin/front/media","/admin/calendar/delete_event/","200"
"/admin/front/media","/admin/calendar/getevents","200"
"/admin/front/media","/admin/calendar/view_event/","200"
"/admin/front/media","/admin/front/media/addVideo","200"
"/admin/front/media","/admin/front/media/deleteItem","200"
"/admin/front/media","/admin/front/media/getPage/","200"
"/admin/front/media","/admin/language/user_language/","200"
"/admin/front/media","/admin/notification/notification_clear","200"
"/admin/front/media","/admin/notification/notification_read","200"
"/admin/front/media","/Report/get_betweendate/","200"
"/admin/front/menus","/admin/alumni/getevent","200"
"/admin/front/menus","/admin/calendar/delete_event/","200"
"/admin/front/menus","/admin/calendar/getevents","200"
"/admin/front/menus","/admin/calendar/view_event/","200"
"/admin/front/menus","/admin/front/menus","200"
"/admin/front/menus","/admin/language/user_language/","200"
"/admin/front/menus","/admin/notification/notification_clear","200"
"/admin/front/menus","/admin/notification/notification_read","200"
"/admin/front/menus","/Report/get_betweendate/","200"
"/admin/front/notice","/admin/alumni/getevent","200"
"/admin/front/notice","/admin/calendar/delete_event/","200"
"/admin/front/notice","/admin/calendar/getevents","200"
"/admin/front/notice","/admin/calendar/view_event/","200"
"/admin/front/notice","/admin/language/user_language/","200"
"/admin/front/notice","/admin/notification/notification_clear","200"
"/admin/front/notice","/admin/notification/notification_read","200"
"/admin/front/notice","/Report/get_betweendate/","200"
"/admin/front/page","/admin/alumni/getevent","200"
"/admin/front/page","/admin/calendar/delete_event/","200"
"/admin/front/page","/admin/calendar/getevents","200"
"/admin/front/page","/admin/calendar/view_event/","200"
"/admin/front/page","/admin/language/user_language/","200"
"/admin/front/page","/admin/notification/notification_clear","200"
"/admin/front/page","/admin/notification/notification_read","200"
"/admin/front/page","/Report/get_betweendate/","200"
"/admin/frontcms","/admin/alumni/getevent","200"
"/admin/frontcms","/admin/calendar/delete_event/","200"
"/admin/frontcms","/admin/calendar/getevents","200"
"/admin/frontcms","/admin/calendar/view_event/","200"
"/admin/frontcms","/admin/frontcms","200"
"/admin/frontcms","/admin/language/user_language/","200"
"/admin/frontcms","/admin/notification/notification_clear","200"
"/admin/frontcms","/admin/notification/notification_read","200"
"/admin/frontcms","/Report/get_betweendate/","200"
"/admin/generalcall","/admin/alumni/getevent","200"
"/admin/generalcall","/admin/calendar/delete_event/","200"
"/admin/generalcall","/admin/calendar/getevents","200"
"/admin/generalcall","/admin/calendar/view_event/","200"
"/admin/generalcall","/admin/generalcall","200"
"/admin/generalcall","/admin/generalcall/details/","200"
"/admin/generalcall","/admin/generalcall/getcalllist","200"
"/admin/generalcall","/admin/language/user_language/","200"
"/admin/generalcall","/admin/notification/notification_clear","200"
"/admin/generalcall","/admin/notification/notification_read","200"
"/admin/generalcall","/Report/get_betweendate/","200"
"/admin/generatecertificate","/admin/alumni/getevent","200"
"/admin/generatecertificate","/admin/calendar/delete_event/","200"
"/admin/generatecertificate","/admin/calendar/getevents","200"
"/admin/generatecertificate","/admin/calendar/view_event/","200"
"/admin/generatecertificate","/admin/generatecertificate/generatemultiple","200"
"/admin/generatecertificate","/admin/generatecertificate/getCertificateCustomFields","200"
"/admin/generatecertificate","/admin/generatecertificate/search","200"
"/admin/generatecertificate","/admin/language/user_language/","200"
"/admin/generatecertificate","/admin/notification/notification_clear","200"
"/admin/generatecertificate","/admin/notification/notification_read","200"
"/admin/generatecertificate","/Report/get_betweendate/","200"
"/admin/generatecertificate","/sections/getByClass","200"
"/admin/generateidcard/search","/admin/alumni/getevent","200"
"/admin/generateidcard/search","/admin/calendar/delete_event/","200"
"/admin/generateidcard/search","/admin/calendar/getevents","200"
"/admin/generateidcard/search","/admin/calendar/view_event/","200"
"/admin/generateidcard/search","/admin/generateidcard/downloadstdimagesfolderzip","200"
"/admin/generateidcard/search","/admin/generateidcard/generatemultiple","200"
"/admin/generateidcard/search","/admin/generateidcard/search","200"
"/admin/generateidcard/search","/admin/language/user_language/","200"
"/admin/generateidcard/search","/admin/notification/notification_clear","200"
"/admin/generateidcard/search","/admin/notification/notification_read","200"
"/admin/generateidcard/search","/classes/getByProgram","200"
"/admin/generateidcard/search","/department/getCoursesByDepartment","200"
"/admin/generateidcard/search","/Report/get_betweendate/","200"
"/admin/generateidcard/search","/sections/getByClass","200"
"/admin/generatestaffidcard","/admin/alumni/getevent","200"
"/admin/generatestaffidcard","/admin/calendar/delete_event/","200"
"/admin/generatestaffidcard","/admin/calendar/getevents","200"
"/admin/generatestaffidcard","/admin/calendar/view_event/","200"
"/admin/generatestaffidcard","/admin/generatestaffidcard/downloadstdimagesfolderzip","200"
"/admin/generatestaffidcard","/admin/generatestaffidcard/generatemultiple","200"
"/admin/generatestaffidcard","/admin/generatestaffidcard/search","200"
"/admin/generatestaffidcard","/admin/language/user_language/","200"
"/admin/generatestaffidcard","/admin/notification/notification_clear","200"
"/admin/generatestaffidcard","/admin/notification/notification_read","200"
"/admin/generatestaffidcard","/Report/get_betweendate/","200"
"/admin/gmeet/class_report","/admin/alumni/getevent","200"
"/admin/gmeet/class_report","/admin/calendar/delete_event/","200"
"/admin/gmeet/class_report","/admin/calendar/getevents","200"
"/admin/gmeet/class_report","/admin/calendar/view_event/","200"
"/admin/gmeet/class_report","/admin/gmeet/class_report","200"
"/admin/gmeet/class_report","/admin/gmeet/getViewerList","200"
"/admin/gmeet/class_report","/admin/language/user_language/","200"
"/admin/gmeet/class_report","/admin/notification/notification_clear","200"
"/admin/gmeet/class_report","/admin/notification/notification_read","200"
"/admin/gmeet/class_report","/Report/get_betweendate/","200"
"/admin/gmeet/class_report","/sections/getByClass","200"
"/admin/gmeet/index","/admin/alumni/getevent","200"
"/admin/gmeet/index","/admin/calendar/delete_event/","200"
"/admin/gmeet/index","/admin/calendar/getevents","200"
"/admin/gmeet/index","/admin/calendar/view_event/","200"
"/admin/gmeet/index","/admin/gmeet","200"
"/admin/gmeet/index","/admin/language/user_language/","200"
"/admin/gmeet/index","/admin/notification/notification_clear","200"
"/admin/gmeet/index","/admin/notification/notification_read","200"
"/admin/gmeet/index","/Report/get_betweendate/","200"
"/admin/gmeet/meeting","/admin/alumni/getevent","200"
"/admin/gmeet/meeting","/admin/calendar/delete_event/","200"
"/admin/gmeet/meeting","/admin/calendar/getevents","200"
"/admin/gmeet/meeting","/admin/calendar/view_event/","200"
"/admin/gmeet/meeting","/admin/gmeet/add_history","200"
"/admin/gmeet/meeting","/admin/gmeet/addMeeting","200"
"/admin/gmeet/meeting","/admin/gmeet/getMeetingStaff","200"
"/admin/gmeet/meeting","/admin/language/user_language/","200"
"/admin/gmeet/meeting","/admin/notification/notification_clear","200"
"/admin/gmeet/meeting","/admin/notification/notification_read","200"
"/admin/gmeet/meeting","/admin/staff/getEmployeeByRole","200"
"/admin/gmeet/meeting","/Report/get_betweendate/","200"
"/admin/gmeet/meeting","/sections/getByClass","200"
"/admin/gmeet/meeting_report","/admin/alumni/getevent","200"
"/admin/gmeet/meeting_report","/admin/calendar/delete_event/","200"
"/admin/gmeet/meeting_report","/admin/calendar/getevents","200"
"/admin/gmeet/meeting_report","/admin/calendar/view_event/","200"
"/admin/gmeet/meeting_report","/admin/gmeet/getViewerList","200"
"/admin/gmeet/meeting_report","/admin/language/user_language/","200"
"/admin/gmeet/meeting_report","/admin/notification/notification_clear","200"
"/admin/gmeet/meeting_report","/admin/notification/notification_read","200"
"/admin/gmeet/meeting_report","/Report/get_betweendate/","200"
"/admin/gmeet/timetable","/admin/alumni/getevent","200"
"/admin/gmeet/timetable","/admin/calendar/delete_event/","200"
"/admin/gmeet/timetable","/admin/calendar/getevents","200"
"/admin/gmeet/timetable","/admin/calendar/view_event/","200"
"/admin/gmeet/timetable","/admin/gmeet/addByOther","200"
"/admin/gmeet/timetable","/admin/gmeet/chgstatus","200"
"/admin/gmeet/timetable","/admin/language/user_language/","200"
"/admin/gmeet/timetable","/admin/notification/notification_clear","200"
"/admin/gmeet/timetable","/admin/notification/notification_read","200"
"/admin/gmeet/timetable","/admin/staff/getEmployeeByRole","200"
"/admin/gmeet/timetable","/Report/get_betweendate/","200"
"/admin/gmeet/timetable","/sections/getByClass","200"
"/admin/grade","/admin/alumni/getevent","200"
"/admin/grade","/admin/calendar/delete_event/","200"
"/admin/grade","/admin/calendar/getevents","200"
"/admin/grade","/admin/calendar/view_event/","200"
"/admin/grade","/admin/grade","200"
"/admin/grade","/admin/language/user_language/","200"
"/admin/grade","/admin/notification/notification_clear","200"
"/admin/grade","/admin/notification/notification_read","200"
"/admin/grade","/Report/get_betweendate/","200"
"/admin/grade/relative_Grade","/admin/alumni/getevent","200"
"/admin/grade/relative_Grade","/admin/calendar/delete_event/","200"
"/admin/grade/relative_Grade","/admin/calendar/getevents","200"
"/admin/grade/relative_Grade","/admin/calendar/view_event/","200"
"/admin/grade/relative_Grade","/admin/grade/relative_Grade","200"
"/admin/grade/relative_Grade","/admin/language/user_language/","200"
"/admin/grade/relative_Grade","/admin/notification/notification_clear","200"
"/admin/grade/relative_Grade","/admin/notification/notification_read","200"
"/admin/grade/relative_Grade","/Report/get_betweendate/","200"
"/admin/holiday/set_working_days","/admin/alumni/getevent","200"
"/admin/holiday/set_working_days","/admin/calendar/delete_event/","200"
"/admin/holiday/set_working_days","/admin/calendar/getevents","200"
"/admin/holiday/set_working_days","/admin/calendar/view_event/","200"
"/admin/holiday/set_working_days","/admin/holiday/deleteWeeklyOff","200"
"/admin/holiday/set_working_days","/admin/holiday/getHolidaysByMonthYear","200"
"/admin/holiday/set_working_days","/admin/holiday/getWeeklyOffByMonthYear","200"
"/admin/holiday/set_working_days","/admin/holiday/saveWeeklyOff","200"
"/admin/holiday/set_working_days","/admin/holiday/search_set_working_days","200"
"/admin/holiday/set_working_days","/admin/language/user_language/","200"
"/admin/holiday/set_working_days","/admin/notification/notification_clear","200"
"/admin/holiday/set_working_days","/admin/notification/notification_read","200"
"/admin/holiday/set_working_days","/Report/get_betweendate/","200"
"/admin/holiday/staff_week_off","/admin/alumni/getevent","200"
"/admin/holiday/staff_week_off","/admin/calendar/delete_event/","200"
"/admin/holiday/staff_week_off","/admin/calendar/getevents","200"
"/admin/holiday/staff_week_off","/admin/calendar/view_event/","200"
"/admin/holiday/staff_week_off","/admin/holiday/getStaffWeeklyOff","200"
"/admin/holiday/staff_week_off","/admin/holiday/saveStaffWeeklyOff","200"
"/admin/holiday/staff_week_off","/admin/holiday/staff_week_off","200"
"/admin/holiday/staff_week_off","/admin/language/user_language/","200"
"/admin/holiday/staff_week_off","/admin/notification/notification_clear","200"
"/admin/holiday/staff_week_off","/admin/notification/notification_read","200"
"/admin/holiday/staff_week_off","/Report/get_betweendate/","200"
"/admin/hostel","/admin/alumni/getevent","200"
"/admin/hostel","/admin/calendar/delete_event/","200"
"/admin/hostel","/admin/calendar/getevents","200"
"/admin/hostel","/admin/calendar/view_event/","200"
"/admin/hostel","/admin/hostel/create","200"
"/admin/hostel","/admin/language/user_language/","200"
"/admin/hostel","/admin/notification/notification_clear","200"
"/admin/hostel","/admin/notification/notification_read","200"
"/admin/hostel","/Report/get_betweendate/","200"
"/admin/hostel/assign_room","/admin/alumni/getevent","200"
"/admin/hostel/assign_room","/admin/calendar/delete_event/","200"
"/admin/hostel/assign_room","/admin/calendar/getevents","200"
"/admin/hostel/assign_room","/admin/calendar/view_event/","200"
"/admin/hostel/assign_room","/admin/hostel/get_allocated_student","200"
"/admin/hostel/assign_room","/admin/hostel/get_room_charges","200"
"/admin/hostel/assign_room","/admin/hostel/get_rooms_bed","200"
"/admin/hostel/assign_room","/admin/hostel/getAllStudentList/","200"
"/admin/hostel/assign_room","/admin/hostel/getRoom_student_list/","200"
"/admin/hostel/assign_room","/admin/hostel/getStudentList/","200"
"/admin/hostel/assign_room","/admin/hostel/hostel_rooms","200"
"/admin/hostel/assign_room","/admin/hostel/insert_assign_room","200"
"/admin/hostel/assign_room","/admin/hostel/vaaccant_room","200"
"/admin/hostel/assign_room","/admin/language/user_language/","200"
"/admin/hostel/assign_room","/admin/notification/notification_clear","200"
"/admin/hostel/assign_room","/admin/notification/notification_read","200"
"/admin/hostel/assign_room","/admin/tnp","200"
"/admin/hostel/assign_room","/Report/get_betweendate/","200"
"/admin/hostel/assign_room","/sections/getByClass","200"
"/admin/hostel/change_room","/admin/alumni/getevent","200"
"/admin/hostel/change_room","/admin/calendar/delete_event/","200"
"/admin/hostel/change_room","/admin/calendar/getevents","200"
"/admin/hostel/change_room","/admin/calendar/view_event/","200"
"/admin/hostel/change_room","/admin/hostel/get_allocated_student","200"
"/admin/hostel/change_room","/admin/hostel/get_room_charges","200"
"/admin/hostel/change_room","/admin/hostel/get_rooms_bed","200"
"/admin/hostel/change_room","/admin/hostel/getAllStudentList/","200"
"/admin/hostel/change_room","/admin/hostel/getRoom_student_list/","200"
"/admin/hostel/change_room","/admin/hostel/getStudentList/","200"
"/admin/hostel/change_room","/admin/hostel/hostel_rooms","200"
"/admin/hostel/change_room","/admin/hostel/hostel_rooms_for_change","200"
"/admin/hostel/change_room","/admin/hostel/insert_change_room","200"
"/admin/hostel/change_room","/admin/language/user_language/","200"
"/admin/hostel/change_room","/admin/notification/notification_clear","200"
"/admin/hostel/change_room","/admin/notification/notification_read","200"
"/admin/hostel/change_room","/Report/get_betweendate/","200"
"/admin/hostel/change_room","/sections/getByClass","200"
"/admin/hostel/gatepass_list","/admin/alumni/getevent","200"
"/admin/hostel/gatepass_list","/admin/calendar/delete_event/","200"
"/admin/hostel/gatepass_list","/admin/calendar/getevents","200"
"/admin/hostel/gatepass_list","/admin/calendar/view_event/","200"
"/admin/hostel/gatepass_list","/admin/hostel/fetchgatepass_request","200"
"/admin/hostel/gatepass_list","/admin/hostel/update_gatepass","200"
"/admin/hostel/gatepass_list","/admin/language/user_language/","200"
"/admin/hostel/gatepass_list","/admin/notification/notification_clear","200"
"/admin/hostel/gatepass_list","/admin/notification/notification_read","200"
"/admin/hostel/gatepass_list","/Report/get_betweendate/","200"
"/admin/hostel/scan_qrcode","/admin/alumni/getevent","200"
"/admin/hostel/scan_qrcode","/admin/calendar/delete_event/","200"
"/admin/hostel/scan_qrcode","/admin/calendar/getevents","200"
"/admin/hostel/scan_qrcode","/admin/calendar/view_event/","200"
"/admin/hostel/scan_qrcode","/admin/hostel/fetchgatepass_request","200"
"/admin/hostel/scan_qrcode","/admin/hostel/fetchgatepassticket_details","200"
"/admin/hostel/scan_qrcode","/admin/hostel/scan_qrcode","200"
"/admin/hostel/scan_qrcode","/admin/hostel/update_gatepass","200"
"/admin/hostel/scan_qrcode","/admin/hostel/update_gatepass_status","200"
"/admin/hostel/scan_qrcode","/admin/language/user_language/","200"
"/admin/hostel/scan_qrcode","/admin/notification/notification_clear","200"
"/admin/hostel/scan_qrcode","/admin/notification/notification_read","200"
"/admin/hostel/scan_qrcode","/Report/get_betweendate/","200"
"/admin/hostel/vacancy_status","/admin/alumni/getevent","200"
"/admin/hostel/vacancy_status","/admin/calendar/delete_event/","200"
"/admin/hostel/vacancy_status","/admin/calendar/getevents","200"
"/admin/hostel/vacancy_status","/admin/calendar/view_event/","200"
"/admin/hostel/vacancy_status","/admin/hostel/vacancy_status","200"
"/admin/hostel/vacancy_status","/admin/language/user_language/","200"
"/admin/hostel/vacancy_status","/admin/notification/notification_clear","200"
"/admin/hostel/vacancy_status","/admin/notification/notification_read","200"
"/admin/hostel/vacancy_status","/Report/get_betweendate/","200"
"/admin/hostelroom","/admin/alumni/getevent","200"
"/admin/hostelroom","/admin/calendar/delete_event/","200"
"/admin/hostelroom","/admin/calendar/getevents","200"
"/admin/hostelroom","/admin/calendar/view_event/","200"
"/admin/hostelroom","/admin/hostelroom/create","200"
"/admin/hostelroom","/admin/language/user_language/","200"
"/admin/hostelroom","/admin/notification/notification_clear","200"
"/admin/hostelroom","/admin/notification/notification_read","200"
"/admin/hostelroom","/Report/get_betweendate/","200"
"/admin/hostelroom/studenthosteldetails","/admin/alumni/getevent","200"
"/admin/hostelroom/studenthosteldetails","/admin/calendar/delete_event/","200"
"/admin/hostelroom/studenthosteldetails","/admin/calendar/getevents","200"
"/admin/hostelroom/studenthosteldetails","/admin/calendar/view_event/","200"
"/admin/hostelroom/studenthosteldetails","/admin/hostelroom/dthostellist","200"
"/admin/hostelroom/studenthosteldetails","/admin/hostelroom/searchvalidation","200"
"/admin/hostelroom/studenthosteldetails","/admin/language/user_language/","200"
"/admin/hostelroom/studenthosteldetails","/admin/notification/notification_clear","200"
"/admin/hostelroom/studenthosteldetails","/admin/notification/notification_read","200"
"/admin/hostelroom/studenthosteldetails","/Report/get_betweendate/","200"
"/admin/hostelroom/studenthosteldetails","/sections/getByClass","200"
"/admin/hr_recruitment","/admin/alumni/getevent","200"
"/admin/hr_recruitment","/admin/calendar/delete_event/","200"
"/admin/hr_recruitment","/admin/calendar/getevents","200"
"/admin/hr_recruitment","/admin/calendar/view_event/","200"
"/admin/hr_recruitment","/admin/language/user_language/","200"
"/admin/hr_recruitment","/admin/notification/notification_clear","200"
"/admin/hr_recruitment","/admin/notification/notification_read","200"
"/admin/hr_recruitment","/Report/get_betweendate/","200"
"/admin/income","/admin/alumni/getevent","200"
"/admin/income","/admin/calendar/delete_event/","200"
"/admin/income","/admin/calendar/getevents","200"
"/admin/income","/admin/calendar/view_event/","200"
"/admin/income","/admin/income","200"
"/admin/income","/admin/income/getincomelist","200"
"/admin/income","/admin/language/user_language/","200"
"/admin/income","/admin/notification/notification_clear","200"
"/admin/income","/admin/notification/notification_read","200"
"/admin/income","/Report/get_betweendate/","200"
"/admin/income/incomesearch","/admin/alumni/getevent","200"
"/admin/income/incomesearch","/admin/calendar/delete_event/","200"
"/admin/income/incomesearch","/admin/calendar/getevents","200"
"/admin/income/incomesearch","/admin/calendar/view_event/","200"
"/admin/income/incomesearch","/admin/income/checkvalidation","200"
"/admin/income/incomesearch","/admin/income/getincomesearchlist","200"
"/admin/income/incomesearch","/admin/language/user_language/","200"
"/admin/income/incomesearch","/admin/notification/notification_clear","200"
"/admin/income/incomesearch","/admin/notification/notification_read","200"
"/admin/income/incomesearch","/Report/get_betweendate/","200"
"/admin/incomehead","/admin/alumni/getevent","200"
"/admin/incomehead","/admin/calendar/delete_event/","200"
"/admin/incomehead","/admin/calendar/getevents","200"
"/admin/incomehead","/admin/calendar/view_event/","200"
"/admin/incomehead","/admin/incomehead/create","200"
"/admin/incomehead","/admin/language/user_language/","200"
"/admin/incomehead","/admin/notification/notification_clear","200"
"/admin/incomehead","/admin/notification/notification_read","200"
"/admin/incomehead","/Report/get_betweendate/","200"
"/admin/inward/inward_list","/admin/alumni/getevent","200"
"/admin/inward/inward_list","/admin/calendar/delete_event/","200"
"/admin/inward/inward_list","/admin/calendar/getevents","200"
"/admin/inward/inward_list","/admin/calendar/view_event/","200"
"/admin/inward/inward_list","/admin/inward/acknowledge_by_staff","200"
"/admin/inward/inward_list","/admin/inward/add_inward","200"
"/admin/inward/inward_list","/admin/inward/ajax_approve","200"
"/admin/inward/inward_list","/admin/inward/delete_inward","200"
"/admin/inward/inward_list","/admin/inward/delete_member","200"
"/admin/inward/inward_list","/admin/inward/edit_inward","200"
"/admin/inward/inward_list","/admin/inward/edit_inward_modal","200"
"/admin/inward/inward_list","/admin/inward/fetch_dept_staff","200"
"/admin/inward/inward_list","/admin/inward/fetch_role_staff","200"
"/admin/inward/inward_list","/admin/inward/inward_approve_reject","200"
"/admin/inward/inward_list","/admin/inward/principal_approve_reject","200"
"/admin/inward/inward_list","/admin/inward/principal_inward_approve","200"
"/admin/inward/inward_list","/admin/inward/principal_inward_reject","200"
"/admin/inward/inward_list","/admin/inward/send_approval","200"
"/admin/inward/inward_list","/admin/inward/send_approval_to_staff_by_registrar","200"
"/admin/inward/inward_list","/admin/inward/staff_action","200"
"/admin/inward/inward_list","/admin/inward/staff_approval","200"
"/admin/inward/inward_list","/admin/inward/track_inward","200"
"/admin/inward/inward_list","/admin/inward/view_inward_details","200"
"/admin/inward/inward_list","/admin/inward/view_staff_acknowledge","200"
"/admin/inward/inward_list","/admin/language/user_language/","200"
"/admin/inward/inward_list","/admin/notification/notification_clear","200"
"/admin/inward/inward_list","/admin/notification/notification_read","200"
"/admin/inward/inward_list","/Report/get_betweendate/","200"
"/admin/issueitem","/admin/alumni/getevent","200"
"/admin/issueitem","/admin/calendar/delete_event/","200"
"/admin/issueitem","/admin/calendar/getevents","200"
"/admin/issueitem","/admin/calendar/view_event/","200"
"/admin/issueitem","/admin/issueitem/getitemlist","200"
"/admin/issueitem","/admin/issueitem/returnItem","200"
"/admin/issueitem","/admin/language/user_language/","200"
"/admin/issueitem","/admin/notification/notification_clear","200"
"/admin/issueitem","/admin/notification/notification_read","200"
"/admin/issueitem","/Report/get_betweendate/","200"
"/admin/item","/admin/alumni/getevent","200"
"/admin/item","/admin/calendar/delete_event/","200"
"/admin/item","/admin/calendar/getevents","200"
"/admin/item","/admin/calendar/view_event/","200"
"/admin/item","/admin/item","200"
"/admin/item","/admin/language/user_language/","200"
"/admin/item","/admin/notification/notification_clear","200"
"/admin/item","/admin/notification/notification_read","200"
"/admin/item","/Report/get_betweendate/","200"
"/admin/itemcategory","/admin/alumni/getevent","200"
"/admin/itemcategory","/admin/calendar/delete_event/","200"
"/admin/itemcategory","/admin/calendar/getevents","200"
"/admin/itemcategory","/admin/calendar/view_event/","200"
"/admin/itemcategory","/admin/itemcategory/create","200"
"/admin/itemcategory","/admin/language/user_language/","200"
"/admin/itemcategory","/admin/notification/notification_clear","200"
"/admin/itemcategory","/admin/notification/notification_read","200"
"/admin/itemcategory","/Report/get_betweendate/","200"
"/admin/itemstock","/admin/alumni/getevent","200"
"/admin/itemstock","/admin/calendar/delete_event/","200"
"/admin/itemstock","/admin/calendar/getevents","200"
"/admin/itemstock","/admin/calendar/view_event/","200"
"/admin/itemstock","/admin/itemstock","200"
"/admin/itemstock","/admin/itemstock/getItemByCategory","200"
"/admin/itemstock","/admin/itemstock/getItemunit","200"
"/admin/itemstock","/admin/language/user_language/","200"
"/admin/itemstock","/admin/notification/notification_clear","200"
"/admin/itemstock","/admin/notification/notification_read","200"
"/admin/itemstock","/Report/get_betweendate/","200"
"/admin/itemstore","/admin/alumni/getevent","200"
"/admin/itemstore","/admin/calendar/delete_event/","200"
"/admin/itemstore","/admin/calendar/getevents","200"
"/admin/itemstore","/admin/calendar/view_event/","200"
"/admin/itemstore","/admin/itemstore/create","200"
"/admin/itemstore","/admin/language/user_language/","200"
"/admin/itemstore","/admin/notification/notification_clear","200"
"/admin/itemstore","/admin/notification/notification_read","200"
"/admin/itemstore","/Report/get_betweendate/","200"
"/admin/itemsupplier","/admin/alumni/getevent","200"
"/admin/itemsupplier","/admin/calendar/delete_event/","200"
"/admin/itemsupplier","/admin/calendar/getevents","200"
"/admin/itemsupplier","/admin/calendar/view_event/","200"
"/admin/itemsupplier","/admin/itemsupplier/create","200"
"/admin/itemsupplier","/admin/language/user_language/","200"
"/admin/itemsupplier","/admin/notification/notification_clear","200"
"/admin/itemsupplier","/admin/notification/notification_read","200"
"/admin/itemsupplier","/Report/get_betweendate/","200"
"/admin/language","/admin/alumni/getevent","200"
"/admin/language","/admin/calendar/delete_event/","200"
"/admin/language","/admin/calendar/getevents","200"
"/admin/language","/admin/calendar/view_event/","200"
"/admin/language","/admin/language/defoult_language/","200"
"/admin/language","/admin/language/editcountrycode","200"
"/admin/language","/admin/language/onloadlanguage","200"
"/admin/language","/admin/language/rtl","200"
"/admin/language","/admin/language/select_language/","200"
"/admin/language","/admin/language/unselect_language/","200"
"/admin/language","/admin/language/user_language/","200"
"/admin/language","/admin/notification/notification_clear","200"
"/admin/language","/admin/notification/notification_read","200"
"/admin/language","/Report/get_betweendate/","200"
"/admin/leave_batch_years","/admin/alumni/getevent","200"
"/admin/leave_batch_years","/admin/calendar/delete_event/","200"
"/admin/leave_batch_years","/admin/calendar/getevents","200"
"/admin/leave_batch_years","/admin/calendar/view_event/","200"
"/admin/leave_batch_years","/admin/language/user_language/","200"
"/admin/leave_batch_years","/admin/leave_batch_years","200"
"/admin/leave_batch_years","/admin/notification/notification_clear","200"
"/admin/leave_batch_years","/admin/notification/notification_read","200"
"/admin/leave_batch_years","/Report/get_betweendate/","200"
"/admin/leaverequest/leaverequest","/admin/alumni/getevent","200"
"/admin/leaverequest/leaverequest","/admin/calendar/delete_event/","200"
"/admin/leaverequest/leaverequest","/admin/calendar/getevents","200"
"/admin/leaverequest/leaverequest","/admin/calendar/view_event/","200"
"/admin/leaverequest/leaverequest","/admin/language/user_language/","200"
"/admin/leaverequest/leaverequest","/admin/leaverequest/addLeave","200"
"/admin/leaverequest/leaverequest","/admin/leaverequest/bulkLeaveApprove","200"
"/admin/leaverequest/leaverequest","/admin/leaverequest/countLeave/","200"
"/admin/leaverequest/leaverequest","/admin/leaverequest/getCombinedLeaveDetails","200"
"/admin/leaverequest/leaverequest","/admin/leaverequest/leaveRecord","200"
"/admin/leaverequest/leaverequest","/admin/leaverequest/leaverequest/","200"
"/admin/leaverequest/leaverequest","/admin/leaverequest/leaveStatus","200"
"/admin/leaverequest/leaverequest","/admin/leaverequest/remove/","200"
"/admin/leaverequest/leaverequest","/admin/leaverequest/save_cancel_request","200"
"/admin/leaverequest/leaverequest","/admin/notification/notification_clear","200"
"/admin/leaverequest/leaverequest","/admin/notification/notification_read","200"
"/admin/leaverequest/leaverequest","/admin/staff/getEmployeeByRole","200"
"/admin/leaverequest/leaverequest","/Report/get_betweendate/","200"
"/admin/leavetypes","/admin/alumni/getevent","200"
"/admin/leavetypes","/admin/calendar/delete_event/","200"
"/admin/leavetypes","/admin/calendar/getevents","200"
"/admin/leavetypes","/admin/calendar/view_event/","200"
"/admin/leavetypes","/admin/language/user_language/","200"
"/admin/leavetypes","/admin/leavetypes/createleavetype","200"
"/admin/leavetypes","/admin/notification/notification_clear","200"
"/admin/leavetypes","/admin/notification/notification_read","200"
"/admin/leavetypes","/Report/get_betweendate/","200"
"/admin/lessonplan/copylesson","/admin/alumni/getevent","200"
"/admin/lessonplan/copylesson","/admin/calendar/delete_event/","200"
"/admin/lessonplan/copylesson","/admin/calendar/getevents","200"
"/admin/lessonplan/copylesson","/admin/calendar/view_event/","200"
"/admin/lessonplan/copylesson","/admin/language/user_language/","200"
"/admin/lessonplan/copylesson","/admin/lessonplan/copylesson","200"
"/admin/lessonplan/copylesson","/admin/notification/notification_clear","200"
"/admin/lessonplan/copylesson","/admin/notification/notification_read","200"
"/admin/lessonplan/copylesson","/admin/subjectgroup/getGroupByClassandSection","200"
"/admin/lessonplan/copylesson","/admin/subjectgroup/getGroupsubjects","200"
"/admin/lessonplan/copylesson","/Report/get_betweendate/","200"
"/admin/lessonplan/copylesson","/sections/getByClass","200"
"/admin/lessonplan/instruction_plan","/admin/alumni/getevent","200"
"/admin/lessonplan/instruction_plan","/admin/calendar/delete_event/","200"
"/admin/lessonplan/instruction_plan","/admin/calendar/getevents","200"
"/admin/lessonplan/instruction_plan","/admin/calendar/view_event/","200"
"/admin/lessonplan/instruction_plan","/admin/language/user_language/","200"
"/admin/lessonplan/instruction_plan","/admin/lessonplan/createinstruction_plan","200"
"/admin/lessonplan/instruction_plan","/admin/lessonplan/deleteinstruction_planbulk/","200"
"/admin/lessonplan/instruction_plan","/admin/lessonplan/getClasswiseBatchData","200"
"/admin/lessonplan/instruction_plan","/admin/lessonplan/getinstruction_planlist","200"
"/admin/lessonplan/instruction_plan","/admin/notification/notification_clear","200"
"/admin/lessonplan/instruction_plan","/admin/notification/notification_read","200"
"/admin/lessonplan/instruction_plan","/admin/subjectgroup/getGroupByClassandSection","200"
"/admin/lessonplan/instruction_plan","/admin/subjectgroup/getGroupsubjects","200"
"/admin/lessonplan/instruction_plan","/Report/get_betweendate/","200"
"/admin/lessonplan/instruction_plan","/sections/getByClass","200"
"/admin/lessonplan/lesson","/admin/alumni/getevent","200"
"/admin/lessonplan/lesson","/admin/calendar/delete_event/","200"
"/admin/lessonplan/lesson","/admin/calendar/getevents","200"
"/admin/lessonplan/lesson","/admin/calendar/view_event/","200"
"/admin/lessonplan/lesson","/admin/language/user_language/","200"
"/admin/lessonplan/lesson","/admin/lessonplan/createlesson","200"
"/admin/lessonplan/lesson","/admin/lessonplan/deletelessonbulk/","200"
"/admin/lessonplan/lesson","/admin/lessonplan/getlessonlist","200"
"/admin/lessonplan/lesson","/admin/notification/notification_clear","200"
"/admin/lessonplan/lesson","/admin/notification/notification_read","200"
"/admin/lessonplan/lesson","/admin/subjectgroup/getGroupByClassId","200"
"/admin/lessonplan/lesson","/admin/subjectgroup/getGroupsubjectsBySemesterType","200"
"/admin/lessonplan/lesson","/Report/get_betweendate/","200"
"/admin/lessonplan/lesson","/sections/getByClass","200"
"/admin/lessonplan/topic","/admin/alumni/getevent","200"
"/admin/lessonplan/topic","/admin/calendar/delete_event/","200"
"/admin/lessonplan/topic","/admin/calendar/getevents","200"
"/admin/lessonplan/topic","/admin/calendar/view_event/","200"
"/admin/lessonplan/topic","/admin/language/user_language/","200"
"/admin/lessonplan/topic","/admin/lessonplan/createtopic","200"
"/admin/lessonplan/topic","/admin/lessonplan/getlessonBysubjectid/","200"
"/admin/lessonplan/topic","/admin/lessonplan/gettopiclist","200"
"/admin/lessonplan/topic","/admin/notification/notification_clear","200"
"/admin/lessonplan/topic","/admin/notification/notification_read","200"
"/admin/lessonplan/topic","/admin/subjectgroup/getGroupByClassId","200"
"/admin/lessonplan/topic","/admin/subjectgroup/getGroupsubjectsBySemesterType","200"
"/admin/lessonplan/topic","/Report/get_betweendate/","200"
"/admin/lessonplan/topic","/sections/getByClass","200"
"/admin/liberal_art/admissionsetting","/admin/alumni/getevent","200"
"/admin/liberal_art/admissionsetting","/admin/calendar/delete_event/","200"
"/admin/liberal_art/admissionsetting","/admin/calendar/getevents","200"
"/admin/liberal_art/admissionsetting","/admin/calendar/view_event/","200"
"/admin/liberal_art/admissionsetting","/admin/language/user_language/","200"
"/admin/liberal_art/admissionsetting","/admin/liberal_art/admissionsetting","200"
"/admin/liberal_art/admissionsetting","/admin/liberal_art/changeformfieldsetting","200"
"/admin/liberal_art/admissionsetting","/admin/notification/notification_clear","200"
"/admin/liberal_art/admissionsetting","/admin/notification/notification_read","200"
"/admin/liberal_art/admissionsetting","/Report/get_betweendate/","200"
"/admin/liberal_art/admissionsetting","/smsconfig/twilio","200"
"/admin/liberal_art/liberal_art_report","/admin/alumni/getevent","200"
"/admin/liberal_art/liberal_art_report","/admin/calendar/delete_event/","200"
"/admin/liberal_art/liberal_art_report","/admin/calendar/getevents","200"
"/admin/liberal_art/liberal_art_report","/admin/calendar/view_event/","200"
"/admin/liberal_art/liberal_art_report","/admin/inward/fetch_role_staff","200"
"/admin/liberal_art/liberal_art_report","/admin/language/user_language/","200"
"/admin/liberal_art/liberal_art_report","/admin/liberal_art/checkpaymentstatus","200"
"/admin/liberal_art/liberal_art_report","/admin/liberal_art/getstudentlist","200"
"/admin/liberal_art/liberal_art_report","/admin/liberal_art/insert_partly_payment","200"
"/admin/liberal_art/liberal_art_report","/admin/liberal_art/liberal_art_report","200"
"/admin/liberal_art/liberal_art_report","/admin/liberal_art/partly_payment_modal","200"
"/admin/liberal_art/liberal_art_report","/admin/notification/notification_clear","200"
"/admin/liberal_art/liberal_art_report","/admin/notification/notification_read","200"
"/admin/liberal_art/liberal_art_report","/Report/get_betweendate/","200"
"/admin/liberal_art/liberal_art_student","/admin/alumni/getevent","200"
"/admin/liberal_art/liberal_art_student","/admin/calendar/delete_event/","200"
"/admin/liberal_art/liberal_art_student","/admin/calendar/getevents","200"
"/admin/liberal_art/liberal_art_student","/admin/calendar/view_event/","200"
"/admin/liberal_art/liberal_art_student","/admin/inward/fetch_role_staff","200"
"/admin/liberal_art/liberal_art_student","/admin/language/user_language/","200"
"/admin/liberal_art/liberal_art_student","/admin/liberal_art/checkpaymentstatus","200"
"/admin/liberal_art/liberal_art_student","/admin/liberal_art/getstudentlist","200"
"/admin/liberal_art/liberal_art_student","/admin/liberal_art/insert_partly_payment","200"
"/admin/liberal_art/liberal_art_student","/admin/liberal_art/partly_payment_modal","200"
"/admin/liberal_art/liberal_art_student","/admin/notification/notification_clear","200"
"/admin/liberal_art/liberal_art_student","/admin/notification/notification_read","200"
"/admin/liberal_art/liberal_art_student","/Report/get_betweendate/","200"
"/admin/mailsms/compose","/admin/alumni/getevent","200"
"/admin/mailsms/compose","/admin/calendar/delete_event/","200"
"/admin/mailsms/compose","/admin/calendar/getevents","200"
"/admin/mailsms/compose","/admin/calendar/view_event/","200"
"/admin/mailsms/compose","/admin/language/user_language/","200"
"/admin/mailsms/compose","/admin/mailsms/get_birthday_preview","200"
"/admin/mailsms/compose","/admin/mailsms/get_class_preview","200"
"/admin/mailsms/compose","/admin/mailsms/get_individual_preview","200"
"/admin/mailsms/compose","/admin/mailsms/get_preview","200"
"/admin/mailsms/compose","/admin/mailsms/search","200"
"/admin/mailsms/compose","/admin/mailsms/send_birthday","200"
"/admin/mailsms/compose","/admin/mailsms/send_class","200"
"/admin/mailsms/compose","/admin/mailsms/send_group","200"
"/admin/mailsms/compose","/admin/mailsms/send_individual","200"
"/admin/mailsms/compose","/admin/mailsms/templatedata","200"
"/admin/mailsms/compose","/admin/notification/notification_clear","200"
"/admin/mailsms/compose","/admin/notification/notification_read","200"
"/admin/mailsms/compose","/Report/get_betweendate/","200"
"/admin/mailsms/compose","/sections/getByClass","200"
"/admin/mailsms/compose_sms","/admin/alumni/getevent","200"
"/admin/mailsms/compose_sms","/admin/calendar/delete_event/","200"
"/admin/mailsms/compose_sms","/admin/calendar/getevents","200"
"/admin/mailsms/compose_sms","/admin/calendar/view_event/","200"
"/admin/mailsms/compose_sms","/admin/language/user_language/","200"
"/admin/mailsms/compose_sms","/admin/mailsms/search","200"
"/admin/mailsms/compose_sms","/admin/mailsms/send_birthday_sms","200"
"/admin/mailsms/compose_sms","/admin/mailsms/send_class_sms","200"
"/admin/mailsms/compose_sms","/admin/mailsms/send_group_sms","200"
"/admin/mailsms/compose_sms","/admin/mailsms/send_individual_sms","200"
"/admin/mailsms/compose_sms","/admin/mailsms/smstemplatedata","200"
"/admin/mailsms/compose_sms","/admin/notification/notification_clear","200"
"/admin/mailsms/compose_sms","/admin/notification/notification_read","200"
"/admin/mailsms/compose_sms","/Report/get_betweendate/","200"
"/admin/mailsms/compose_sms","/sections/getByClass","200"
"/admin/mailsms/email_template","/admin/alumni/getevent","200"
"/admin/mailsms/email_template","/admin/calendar/delete_event/","200"
"/admin/mailsms/email_template","/admin/calendar/getevents","200"
"/admin/mailsms/email_template","/admin/calendar/view_event/","200"
"/admin/mailsms/email_template","/admin/language/user_language/","200"
"/admin/mailsms/email_template","/admin/mailsms/add_email_template","200"
"/admin/mailsms/email_template","/admin/mailsms/edit_email_template","200"
"/admin/mailsms/email_template","/admin/mailsms/get_preview","200"
"/admin/mailsms/email_template","/admin/mailsms/update_email_template","200"
"/admin/mailsms/email_template","/admin/notification/notification_clear","200"
"/admin/mailsms/email_template","/admin/notification/notification_read","200"
"/admin/mailsms/email_template","/Report/get_betweendate/","200"
"/admin/mailsms/index","/admin/alumni/getevent","200"
"/admin/mailsms/index","/admin/calendar/delete_event/","200"
"/admin/mailsms/index","/admin/calendar/getevents","200"
"/admin/mailsms/index","/admin/calendar/view_event/","200"
"/admin/mailsms/index","/admin/language/user_language/","200"
"/admin/mailsms/index","/admin/notification/notification_clear","200"
"/admin/mailsms/index","/admin/notification/notification_read","200"
"/admin/mailsms/index","/Report/get_betweendate/","200"
"/admin/mailsms/schedule","/admin/alumni/getevent","200"
"/admin/mailsms/schedule","/admin/calendar/delete_event/","200"
"/admin/mailsms/schedule","/admin/calendar/getevents","200"
"/admin/mailsms/schedule","/admin/calendar/view_event/","200"
"/admin/mailsms/schedule","/admin/language/user_language/","200"
"/admin/mailsms/schedule","/admin/mailsms/delete_schedule","200"
"/admin/mailsms/schedule","/admin/notification/notification_clear","200"
"/admin/mailsms/schedule","/admin/notification/notification_read","200"
"/admin/mailsms/schedule","/Report/get_betweendate/","200"
"/admin/mailsms/sms_template","/admin/alumni/getevent","200"
"/admin/mailsms/sms_template","/admin/calendar/delete_event/","200"
"/admin/mailsms/sms_template","/admin/calendar/getevents","200"
"/admin/mailsms/sms_template","/admin/calendar/view_event/","200"
"/admin/mailsms/sms_template","/admin/language/user_language/","200"
"/admin/mailsms/sms_template","/admin/mailsms/add_sms_template","200"
"/admin/mailsms/sms_template","/admin/mailsms/edit_sms_template","200"
"/admin/mailsms/sms_template","/admin/mailsms/update_sms_template","200"
"/admin/mailsms/sms_template","/admin/notification/notification_clear","200"
"/admin/mailsms/sms_template","/admin/notification/notification_read","200"
"/admin/mailsms/sms_template","/Report/get_betweendate/","200"
"/admin/marksdivision","/admin/alumni/getevent","200"
"/admin/marksdivision","/admin/calendar/delete_event/","200"
"/admin/marksdivision","/admin/calendar/getevents","200"
"/admin/marksdivision","/admin/calendar/view_event/","200"
"/admin/marksdivision","/admin/language/user_language/","200"
"/admin/marksdivision","/admin/marksdivision","200"
"/admin/marksdivision","/admin/notification/notification_clear","200"
"/admin/marksdivision","/admin/notification/notification_read","200"
"/admin/marksdivision","/Report/get_betweendate/","200"
"/admin/marksheet","/admin/alumni/getevent","200"
"/admin/marksheet","/admin/calendar/delete_event/","200"
"/admin/marksheet","/admin/calendar/getevents","200"
"/admin/marksheet","/admin/calendar/view_event/","200"
"/admin/marksheet","/admin/language/user_language/","200"
"/admin/marksheet","/admin/marksheet","200"
"/admin/marksheet","/admin/marksheet/view","200"
"/admin/marksheet","/admin/notification/notification_clear","200"
"/admin/marksheet","/admin/notification/notification_read","200"
"/admin/marksheet","/Report/get_betweendate/","200"
"/admin/member","/admin/alumni/getevent","200"
"/admin/member","/admin/calendar/delete_event/","200"
"/admin/member","/admin/calendar/getevents","200"
"/admin/member","/admin/calendar/view_event/","200"
"/admin/member","/admin/language/user_language/","200"
"/admin/member","/admin/notification/notification_clear","200"
"/admin/member","/admin/notification/notification_read","200"
"/admin/member","/Report/get_betweendate/","200"
"/admin/member/student","/admin/alumni/getevent","200"
"/admin/member/student","/admin/calendar/delete_event/","200"
"/admin/member/student","/admin/calendar/getevents","200"
"/admin/member/student","/admin/calendar/view_event/","200"
"/admin/member/student","/admin/language/user_language/","200"
"/admin/member/student","/admin/member/add","200"
"/admin/member/student","/admin/member/student","200"
"/admin/member/student","/admin/member/surrender","200"
"/admin/member/student","/admin/notification/notification_clear","200"
"/admin/member/student","/admin/notification/notification_read","200"
"/admin/member/student","/Report/get_betweendate/","200"
"/admin/member/student","/sections/getByClass","200"
"/admin/member/teacher","/admin/alumni/getevent","200"
"/admin/member/teacher","/admin/calendar/delete_event/","200"
"/admin/member/teacher","/admin/calendar/getevents","200"
"/admin/member/teacher","/admin/calendar/view_event/","200"
"/admin/member/teacher","/admin/language/user_language/","200"
"/admin/member/teacher","/admin/member/addteacher","200"
"/admin/member/teacher","/admin/member/surrender","200"
"/admin/member/teacher","/admin/notification/notification_clear","200"
"/admin/member/teacher","/admin/notification/notification_read","200"
"/admin/member/teacher","/Report/get_betweendate/","200"
"/admin/module","/admin/alumni/getevent","200"
"/admin/module","/admin/calendar/delete_event/","200"
"/admin/module","/admin/calendar/getevents","200"
"/admin/module","/admin/calendar/view_event/","200"
"/admin/module","/admin/language/user_language/","200"
"/admin/module","/admin/module/changeStatus","200"
"/admin/module","/admin/module/changeStudentStatus","200"
"/admin/module","/admin/notification/notification_clear","200"
"/admin/module","/admin/notification/notification_read","200"
"/admin/module","/Report/get_betweendate/","200"
"/admin/multibranch/branch/overview","/admin/alumni/getevent","200"
"/admin/multibranch/branch/overview","/admin/calendar/delete_event/","200"
"/admin/multibranch/branch/overview","/admin/calendar/getevents","200"
"/admin/multibranch/branch/overview","/admin/calendar/view_event/","200"
"/admin/multibranch/branch/overview","/admin/language/user_language/","200"
"/admin/multibranch/branch/overview","/admin/notification/notification_clear","200"
"/admin/multibranch/branch/overview","/admin/notification/notification_read","200"
"/admin/multibranch/branch/overview","/Report/get_betweendate/","200"
"/admin/multibranch/finance/index","/admin/alumni/getevent","200"
"/admin/multibranch/finance/index","/admin/calendar/delete_event/","200"
"/admin/multibranch/finance/index","/admin/calendar/getevents","200"
"/admin/multibranch/finance/index","/admin/calendar/view_event/","200"
"/admin/multibranch/finance/index","/admin/language/user_language/","200"
"/admin/multibranch/finance/index","/admin/notification/notification_clear","200"
"/admin/multibranch/finance/index","/admin/notification/notification_read","200"
"/admin/multibranch/finance/index","/Report/get_betweendate/","200"
"/admin/naac/events","/admin/calendar/addtodo","200"
"/admin/naac/events","/admin/calendar/delete_event/","200"
"/admin/naac/events","/admin/calendar/gettaskbyid/","200"
"/admin/naac/events","/admin/calendar/view_event/","200"
"/admin/naac/events","/admin/canteen/all_events","200"
"/admin/naac/events","/admin/language/user_language/","200"
"/admin/naac/events","/admin/naac/all_events","200"
"/admin/naac/events","/admin/notification/notification_clear","200"
"/admin/naac/events","/admin/notification/notification_read","200"
"/admin/naac/events","/Report/get_betweendate/","200"
"/admin/naac/index","/admin/alumni/getevent","200"
"/admin/naac/index","/admin/calendar/delete_event/","200"
"/admin/naac/index","/admin/calendar/getevents","200"
"/admin/naac/index","/admin/calendar/view_event/","200"
"/admin/naac/index","/admin/language/user_language/","200"
"/admin/naac/index","/admin/naac/delete_data/naac_task_master","200"
"/admin/naac/index","/admin/notification/notification_clear","200"
"/admin/naac/index","/admin/notification/notification_read","200"
"/admin/naac/index","/Report/get_betweendate/","200"
"/admin/naac/naac_dashboard","/admin/alumni/getevent","200"
"/admin/naac/naac_dashboard","/admin/calendar/delete_event/","200"
"/admin/naac/naac_dashboard","/admin/calendar/getevents","200"
"/admin/naac/naac_dashboard","/admin/calendar/view_event/","200"
"/admin/naac/naac_dashboard","/admin/language/user_language/","200"
"/admin/naac/naac_dashboard","/admin/notification/notification_clear","200"
"/admin/naac/naac_dashboard","/admin/notification/notification_read","200"
"/admin/naac/naac_dashboard","/Report/get_betweendate/","200"
"/admin/naac/naac_report","/admin/alumni/getevent","200"
"/admin/naac/naac_report","/admin/calendar/delete_event/","200"
"/admin/naac/naac_report","/admin/calendar/getevents","200"
"/admin/naac/naac_report","/admin/calendar/view_event/","200"
"/admin/naac/naac_report","/admin/language/user_language/","200"
"/admin/naac/naac_report","/admin/naac/aqar_part_B_pdf","200"
"/admin/naac/naac_report","/admin/naac/naac_report","200"
"/admin/naac/naac_report","/admin/notification/notification_clear","200"
"/admin/naac/naac_report","/admin/notification/notification_read","200"
"/admin/naac/naac_report","/Report/get_betweendate/","200"
"/admin/naac/naac_report_master","/admin/alumni/getevent","200"
"/admin/naac/naac_report_master","/admin/calendar/delete_event/","200"
"/admin/naac/naac_report_master","/admin/calendar/getevents","200"
"/admin/naac/naac_report_master","/admin/calendar/view_event/","200"
"/admin/naac/naac_report_master","/admin/language/user_language/","200"
"/admin/naac/naac_report_master","/admin/naac/delete_data/naac_task_master","200"
"/admin/naac/naac_report_master","/admin/naac/naac_report_gettasklist","200"
"/admin/naac/naac_report_master","/admin/notification/notification_clear","200"
"/admin/naac/naac_report_master","/admin/notification/notification_read","200"
"/admin/naac/naac_report_master","/Report/get_betweendate/","200"
"/admin/naac/student_feedback_list","/admin/alumni/getevent","200"
"/admin/naac/student_feedback_list","/admin/calendar/delete_event/","200"
"/admin/naac/student_feedback_list","/admin/calendar/getevents","200"
"/admin/naac/student_feedback_list","/admin/calendar/view_event/","200"
"/admin/naac/student_feedback_list","/admin/canteen/getcanteenlist","200"
"/admin/naac/student_feedback_list","/admin/language/user_language/","200"
"/admin/naac/student_feedback_list","/admin/naac/delete_data/naac_student_feedback","200"
"/admin/naac/student_feedback_list","/admin/naac/update_status/naac_student_feedback","200"
"/admin/naac/student_feedback_list","/admin/notification/notification_clear","200"
"/admin/naac/student_feedback_list","/admin/notification/notification_read","200"
"/admin/naac/student_feedback_list","/Report/get_betweendate/","200"
"/admin/naac/student_rating_form","/admin/alumni/getevent","200"
"/admin/naac/student_rating_form","/admin/calendar/delete_event/","200"
"/admin/naac/student_rating_form","/admin/calendar/getevents","200"
"/admin/naac/student_rating_form","/admin/calendar/view_event/","200"
"/admin/naac/student_rating_form","/admin/language/user_language/","200"
"/admin/naac/student_rating_form","/admin/naac/delete_data/naac_student_rating","200"
"/admin/naac/student_rating_form","/admin/naac/student_rating_form","200"
"/admin/naac/student_rating_form","/admin/notification/notification_clear","200"
"/admin/naac/student_rating_form","/admin/notification/notification_read","200"
"/admin/naac/student_rating_form","/Report/get_betweendate/","200"
"/admin/naac/task_allocation","/admin/alumni/getevent","200"
"/admin/naac/task_allocation","/admin/calendar/delete_event/","200"
"/admin/naac/task_allocation","/admin/calendar/getevents","200"
"/admin/naac/task_allocation","/admin/calendar/view_event/","200"
"/admin/naac/task_allocation","/admin/language/user_language/","200"
"/admin/naac/task_allocation","/admin/naac/allote_task","200"
"/admin/naac/task_allocation","/admin/naac/get_task_detail_by_id","200"
"/admin/naac/task_allocation","/admin/notification/notification_clear","200"
"/admin/naac/task_allocation","/admin/notification/notification_read","200"
"/admin/naac/task_allocation","/Report/get_betweendate/","200"
"/admin/notification","/admin/alumni/getevent","200"
"/admin/notification","/admin/calendar/delete_event/","200"
"/admin/notification","/admin/calendar/getevents","200"
"/admin/notification","/admin/calendar/view_event/","200"
"/admin/notification","/admin/language/user_language/","200"
"/admin/notification","/admin/notification/notification","200"
"/admin/notification","/admin/notification/notification_clear","200"
"/admin/notification","/admin/notification/notification_read","200"
"/admin/notification","/Report/get_betweendate/","200"
"/admin/notification/setting","/admin/alumni/getevent","200"
"/admin/notification/setting","/admin/calendar/delete_event/","200"
"/admin/notification/setting","/admin/calendar/getevents","200"
"/admin/notification/setting","/admin/calendar/view_event/","200"
"/admin/notification/setting","/admin/language/user_language/","200"
"/admin/notification/setting","/admin/notification/gettemplate","200"
"/admin/notification/setting","/admin/notification/notification_clear","200"
"/admin/notification/setting","/admin/notification/notification_read","200"
"/admin/notification/setting","/admin/notification/savetemplate","200"
"/admin/notification/setting","/admin/notification/setting","200"
"/admin/notification/setting","/Report/get_betweendate/","200"
"/admin/offlinepayment","/admin/alumni/getevent","200"
"/admin/offlinepayment","/admin/calendar/delete_event/","200"
"/admin/offlinepayment","/admin/calendar/getevents","200"
"/admin/offlinepayment","/admin/calendar/view_event/","200"
"/admin/offlinepayment","/admin/language/user_language/","200"
"/admin/offlinepayment","/admin/notification/notification_clear","200"
"/admin/offlinepayment","/admin/notification/notification_read","200"
"/admin/offlinepayment","/admin/offlinepayment/getlist","200"
"/admin/offlinepayment","/admin/offlinepayment/getpayment","200"
"/admin/offlinepayment","/Report/get_betweendate/","200"
"/admin/onlineadmission/admissionsetting","/admin/alumni/getevent","200"
"/admin/onlineadmission/admissionsetting","/admin/calendar/delete_event/","200"
"/admin/onlineadmission/admissionsetting","/admin/calendar/getevents","200"
"/admin/onlineadmission/admissionsetting","/admin/calendar/view_event/","200"
"/admin/onlineadmission/admissionsetting","/admin/language/user_language/","200"
"/admin/onlineadmission/admissionsetting","/admin/notification/notification_clear","200"
"/admin/onlineadmission/admissionsetting","/admin/notification/notification_read","200"
"/admin/onlineadmission/admissionsetting","/admin/onlineadmission/add_section","200"
"/admin/onlineadmission/admissionsetting","/admin/onlineadmission/addAdmissionValidation","200"
"/admin/onlineadmission/admissionsetting","/admin/onlineadmission/addProgram","200"
"/admin/onlineadmission/admissionsetting","/admin/onlineadmission/addValidation","200"
"/admin/onlineadmission/admissionsetting","/admin/onlineadmission/admission_add_section","200"
"/admin/onlineadmission/admissionsetting","/admin/onlineadmission/admissionsetting","200"
"/admin/onlineadmission/admissionsetting","/admin/onlineadmission/changeadmissionformfieldsetting","200"
"/admin/onlineadmission/admissionsetting","/admin/onlineadmission/changefinalizedformfieldsetting","200"
"/admin/onlineadmission/admissionsetting","/admin/onlineadmission/changeformfieldsetting","200"
"/admin/onlineadmission/admissionsetting","/admin/onlineadmission/changeformfieldsetting_2year","200"
"/admin/onlineadmission/admissionsetting","/admin/onlineadmission/changeformfieldsetting_3year","200"
"/admin/onlineadmission/admissionsetting","/admin/onlineadmission/delete_admission_section","200"
"/admin/onlineadmission/admissionsetting","/admin/onlineadmission/delete_section","200"
"/admin/onlineadmission/admissionsetting","/admin/onlineadmission/deleteProgram","200"
"/admin/onlineadmission/admissionsetting","/admin/onlineadmission/getProgram","200"
"/admin/onlineadmission/admissionsetting","/admin/onlineadmission/getSpecializationByProgram","200"
"/admin/onlineadmission/admissionsetting","/admin/onlineadmission/global_apply_program","200"
"/admin/onlineadmission/admissionsetting","/admin/onlineadmission/global_apply_program_admission","200"
"/admin/onlineadmission/admissionsetting","/admin/onlineadmission/global_apply_year","200"
"/admin/onlineadmission/admissionsetting","/admin/onlineadmission/global_apply_year_admission","200"
"/admin/onlineadmission/admissionsetting","/admin/onlineadmission/save_admission_field_data","200"
"/admin/onlineadmission/admissionsetting","/admin/Onlineadmission/save_admission_field_settings","200"
"/admin/onlineadmission/admissionsetting","/admin/onlineadmission/save_admission_field_type","200"
"/admin/onlineadmission/admissionsetting","/admin/onlineadmission/save_admission_order","200"
"/admin/onlineadmission/admissionsetting","/admin/Onlineadmission/save_field_settings","200"
"/admin/onlineadmission/admissionsetting","/admin/onlineadmission/save_field_type","200"
"/admin/onlineadmission/admissionsetting","/admin/onlineadmission/save_order","200"
"/admin/onlineadmission/admissionsetting","/admin/onlineadmission/save_row_data","200"
"/admin/onlineadmission/admissionsetting","/admin/onlineadmission/update_admission_display_in_previous_section","200"
"/admin/onlineadmission/admissionsetting","/admin/onlineadmission/update_admission_section","200"
"/admin/onlineadmission/admissionsetting","/admin/onlineadmission/update_display_in_previous_section","200"
"/admin/onlineadmission/admissionsetting","/admin/onlineadmission/update_section","200"
"/admin/onlineadmission/admissionsetting","/Report/get_betweendate/","200"
"/admin/onlineadmission/admissionsetting","/smsconfig/twilio","200"
"/admin/onlineexam","/admin/alumni/getevent","200"
"/admin/onlineexam","/admin/calendar/delete_event/","200"
"/admin/onlineexam","/admin/calendar/getevents","200"
"/admin/onlineexam","/admin/calendar/view_event/","200"
"/admin/onlineexam","/admin/language/user_language/","200"
"/admin/onlineexam","/admin/notification/notification_clear","200"
"/admin/onlineexam","/admin/notification/notification_read","200"
"/admin/onlineexam","/admin/onlineexam/add","200"
"/admin/onlineexam","/admin/onlineexam/ajax_delete","200"
"/admin/onlineexam","/admin/onlineexam/deleteExamQuestions","200"
"/admin/onlineexam","/admin/onlineexam/download_exam","200"
"/admin/onlineexam","/admin/onlineexam/getclosedexamlist","200"
"/admin/onlineexam","/admin/onlineexam/getexamlist","200"
"/admin/onlineexam","/admin/onlineexam/getExamQuestions","200"
"/admin/onlineexam","/admin/onlineexam/getOnlineExamByID","200"
"/admin/onlineexam","/admin/onlineexam/getselectedexamsubjectname","200"
"/admin/onlineexam","/admin/onlineexam/rankgenerate","200"
"/admin/onlineexam","/admin/onlineexam/searchQuestionByExamID","200"
"/admin/onlineexam","/admin/onlineexam/singlequestionAddupdate","200"
"/admin/onlineexam","/Report/get_betweendate/","200"
"/admin/onlineexam","/sections/getByClass","200"
"/admin/onlineexam/report","/admin/alumni/getevent","200"
"/admin/onlineexam/report","/admin/calendar/delete_event/","200"
"/admin/onlineexam/report","/admin/calendar/getevents","200"
"/admin/onlineexam/report","/admin/calendar/view_event/","200"
"/admin/onlineexam/report","/admin/language/user_language/","200"
"/admin/onlineexam/report","/admin/notification/notification_clear","200"
"/admin/onlineexam/report","/admin/notification/notification_read","200"
"/admin/onlineexam/report","/admin/onlineexam/dtreportlist","200"
"/admin/onlineexam/report","/admin/onlineexam/getstudentresult","200"
"/admin/onlineexam/report","/admin/onlineexam/searchloginvalidation","200"
"/admin/onlineexam/report","/backend/dist/css/font-awesome.min.css\","200"
"/admin/onlineexam/report","/Report/get_betweendate/","200"
"/admin/onlineexam/report","/sections/getByClass","200"
"/admin/onlinestudent","/admin/alumni/getevent","200"
"/admin/onlinestudent","/admin/calendar/delete_event/","200"
"/admin/onlinestudent","/admin/calendar/getevents","200"
"/admin/onlinestudent","/admin/calendar/view_event/","200"
"/admin/onlinestudent","/admin/language/user_language/","200"
"/admin/onlinestudent","/admin/notification/notification_clear","200"
"/admin/onlinestudent","/admin/notification/notification_read","200"
"/admin/onlinestudent","/admin/onlinestudent/checkpaymentstatus","200"
"/admin/onlinestudent","/admin/onlinestudent/getstudentlist","200"
"/admin/onlinestudent","/Report/get_betweendate/","200"
"/admin/others_fees_verification","/admin/alumni/getevent","200"
"/admin/others_fees_verification","/admin/calendar/delete_event/","200"
"/admin/others_fees_verification","/admin/calendar/getevents","200"
"/admin/others_fees_verification","/admin/calendar/view_event/","200"
"/admin/others_fees_verification","/admin/language/user_language/","200"
"/admin/others_fees_verification","/admin/notification/notification_clear","200"
"/admin/others_fees_verification","/admin/notification/notification_read","200"
"/admin/others_fees_verification","/admin/others_fees_verification/index","200"
"/admin/others_fees_verification","/Report/get_betweendate/","200"
"/admin/others_fees_verification","/sections/getByClass","200"
"/admin/others_fees_verification","/student/getByClassAndSection","200"
"/admin/outward/outward_list","/admin/alumni/getevent","200"
"/admin/outward/outward_list","/admin/calendar/delete_event/","200"
"/admin/outward/outward_list","/admin/calendar/getevents","200"
"/admin/outward/outward_list","/admin/calendar/view_event/","200"
"/admin/outward/outward_list","/admin/inward/acknowledge_by_staff","200"
"/admin/outward/outward_list","/admin/inward/add_inward","200"
"/admin/outward/outward_list","/admin/inward/fetch_dept_staff","200"
"/admin/outward/outward_list","/admin/inward/fetch_role_staff","200"
"/admin/outward/outward_list","/admin/language/user_language/","200"
"/admin/outward/outward_list","/admin/notification/notification_clear","200"
"/admin/outward/outward_list","/admin/notification/notification_read","200"
"/admin/outward/outward_list","/admin/outward/add_inward_outward","200"
"/admin/outward/outward_list","/admin/outward/add_inwardoutward","200"
"/admin/outward/outward_list","/admin/outward/add_outward","200"
"/admin/outward/outward_list","/admin/outward/add_outward_document","200"
"/admin/outward/outward_list","/admin/outward/delete_member","200"
"/admin/outward/outward_list","/admin/outward/delete_outward","200"
"/admin/outward/outward_list","/admin/outward/edit_inward_outward","200"
"/admin/outward/outward_list","/admin/outward/edit_outward","200"
"/admin/outward/outward_list","/admin/outward/edit_outward_modal","200"
"/admin/outward/outward_list","/admin/outward/fetch_dept_staff","200"
"/admin/outward/outward_list","/admin/outward/print_inoutwarddetail","200"
"/admin/outward/outward_list","/admin/outward/print_outwarddetail","200"
"/admin/outward/outward_list","/admin/outward/upload_document","200"
"/admin/outward/outward_list","/admin/outward/view_inoutwarddetail","200"
"/admin/outward/outward_list","/admin/outward/view_outwarddetail","200"
"/admin/outward/outward_list","/Report/get_betweendate/","200"
"/admin/paper_creation","/admin/alumni/getevent","200"
"/admin/paper_creation","/admin/calendar/delete_event/","200"
"/admin/paper_creation","/admin/calendar/getevents","200"
"/admin/paper_creation","/admin/calendar/view_event/","200"
"/admin/paper_creation","/admin/examgroup/getExamByExamgroup","200"
"/admin/paper_creation","/admin/language/user_language/","200"
"/admin/paper_creation","/admin/notification/notification_clear","200"
"/admin/paper_creation","/admin/notification/notification_read","200"
"/admin/paper_creation","/admin/paper_creation","200"
"/admin/paper_creation","/admin/paper_creation/addSubjectwiseQuestionPaper","200"
"/admin/paper_creation","/admin/paper_creation/editSubjectwiseQuestionPaper","200"
"/admin/paper_creation","/admin/paper_creation/generatePdfSubjectwiseQuestionPaper","200"
"/admin/paper_creation","/admin/paper_creation/submit_questions","200"
"/admin/paper_creation","/admin/paper_creation/update_approval_status","200"
"/admin/paper_creation","/Report/get_betweendate/","200"
"/admin/paper_creation/assign_paper_creation","/admin/alumni/getevent","200"
"/admin/paper_creation/assign_paper_creation","/admin/calendar/delete_event/","200"
"/admin/paper_creation/assign_paper_creation","/admin/calendar/getevents","200"
"/admin/paper_creation/assign_paper_creation","/admin/calendar/view_event/","200"
"/admin/paper_creation/assign_paper_creation","/admin/language/user_language/","200"
"/admin/paper_creation/assign_paper_creation","/admin/notification/notification_clear","200"
"/admin/paper_creation/assign_paper_creation","/admin/notification/notification_read","200"
"/admin/paper_creation/assign_paper_creation","/admin/paper_creation/assign_paper_creation","200"
"/admin/paper_creation/assign_paper_creation","/admin/paper_creation/getassignStaff","200"
"/admin/paper_creation/assign_paper_creation","/admin/paper_creation/getQuestionPaperReviewerStaffList","200"
"/admin/paper_creation/assign_paper_creation","/admin/paper_creation/save_assign_staff","200"
"/admin/paper_creation/assign_paper_creation","/admin/paper_creation/saveQuestionPaperReviewStaff","200"
"/admin/paper_creation/assign_paper_creation","/admin/subjectgroup/getGroupByClassandSection","200"
"/admin/paper_creation/assign_paper_creation","/admin/subjectgroup/getGroupByClassId","200"
"/admin/paper_creation/assign_paper_creation","/Report/get_betweendate/","200"
"/admin/paper_creation/assign_paper_creation","/sections/getByClass","200"
"/admin/paper_creation/que_paper_approval_list","/admin/alumni/getevent","200"
"/admin/paper_creation/que_paper_approval_list","/admin/calendar/delete_event/","200"
"/admin/paper_creation/que_paper_approval_list","/admin/calendar/getevents","200"
"/admin/paper_creation/que_paper_approval_list","/admin/calendar/view_event/","200"
"/admin/paper_creation/que_paper_approval_list","/admin/language/user_language/","200"
"/admin/paper_creation/que_paper_approval_list","/admin/notification/notification_clear","200"
"/admin/paper_creation/que_paper_approval_list","/admin/notification/notification_read","200"
"/admin/paper_creation/que_paper_approval_list","/admin/paper_creation/generatePdfSubjectwiseQuestionPaper","200"
"/admin/paper_creation/que_paper_approval_list","/admin/paper_creation/update_paper_request","200"
"/admin/paper_creation/que_paper_approval_list","/Report/get_betweendate/","200"
"/admin/papersetting","/admin/alumni/getevent","200"
"/admin/papersetting","/admin/calendar/delete_event/","200"
"/admin/papersetting","/admin/calendar/getevents","200"
"/admin/papersetting","/admin/calendar/view_event/","200"
"/admin/papersetting","/admin/language/user_language/","200"
"/admin/papersetting","/admin/notification/notification_clear","200"
"/admin/papersetting","/admin/notification/notification_read","200"
"/admin/papersetting","/admin/papersetting/add","200"
"/admin/papersetting","/admin/papersetting/addform","200"
"/admin/papersetting","/admin/papersetting/bulkdelete","200"
"/admin/papersetting","/admin/papersetting/editform","200"
"/admin/papersetting","/admin/papersetting/getDatatable","200"
"/admin/papersetting","/admin/papersetting/getimages","200"
"/admin/papersetting","/admin/papersetting/getinactiveDatatable","200"
"/admin/papersetting","/admin/papersetting/getsubjectByselectedClass","200"
"/admin/papersetting","/admin/papersetting/getSubjectsBysubjectgroupid","200"
"/admin/papersetting","/admin/papersetting/questionsearchvalidation","200"
"/admin/papersetting","/admin/papersetting/uploadfile","200"
"/admin/papersetting","/Report/get_betweendate/","200"
"/admin/papersetting","/sections/getByClass","200"
"/admin/paymentcategory","/admin/alumni/getevent","200"
"/admin/paymentcategory","/admin/calendar/delete_event/","200"
"/admin/paymentcategory","/admin/calendar/getevents","200"
"/admin/paymentcategory","/admin/calendar/view_event/","200"
"/admin/paymentcategory","/admin/customfield/updateorder","200"
"/admin/paymentcategory","/admin/language/user_language/","200"
"/admin/paymentcategory","/admin/notification/notification_clear","200"
"/admin/paymentcategory","/admin/notification/notification_read","200"
"/admin/paymentcategory","/admin/paymentcategory","200"
"/admin/paymentcategory","/Report/get_betweendate/","200"
"/admin/paymentcategory/assignPaymentCategory","/admin/alumni/getevent","200"
"/admin/paymentcategory/assignPaymentCategory","/admin/calendar/delete_event/","200"
"/admin/paymentcategory/assignPaymentCategory","/admin/calendar/getevents","200"
"/admin/paymentcategory/assignPaymentCategory","/admin/calendar/view_event/","200"
"/admin/paymentcategory/assignPaymentCategory","/admin/language/user_language/","200"
"/admin/paymentcategory/assignPaymentCategory","/admin/notification/notification_clear","200"
"/admin/paymentcategory/assignPaymentCategory","/admin/notification/notification_read","200"
"/admin/paymentcategory/assignPaymentCategory","/admin/paymentcategory/assignPaymentCategory","200"
"/admin/paymentcategory/assignPaymentCategory","/feemaster/getByFeecategory","200"
"/admin/paymentcategory/assignPaymentCategory","/Report/get_betweendate/","200"
"/admin/paymentcategory/assignPaymentCategory","/sections/getByClass","200"
"/admin/paymentcategory/collegeotherfees","/admin/alumni/getevent","200"
"/admin/paymentcategory/collegeotherfees","/admin/calendar/delete_event/","200"
"/admin/paymentcategory/collegeotherfees","/admin/calendar/getevents","200"
"/admin/paymentcategory/collegeotherfees","/admin/calendar/view_event/","200"
"/admin/paymentcategory/collegeotherfees","/admin/customfield/updateorder","200"
"/admin/paymentcategory/collegeotherfees","/admin/language/user_language/","200"
"/admin/paymentcategory/collegeotherfees","/admin/notification/notification_clear","200"
"/admin/paymentcategory/collegeotherfees","/admin/notification/notification_read","200"
"/admin/paymentcategory/collegeotherfees","/admin/paymentcategory/collegeotherfees","200"
"/admin/paymentcategory/collegeotherfees","/Report/get_betweendate/","200"
"/admin/paymentcategory/multimerchant","/admin/alumni/getevent","200"
"/admin/paymentcategory/multimerchant","/admin/calendar/delete_event/","200"
"/admin/paymentcategory/multimerchant","/admin/calendar/getevents","200"
"/admin/paymentcategory/multimerchant","/admin/calendar/view_event/","200"
"/admin/paymentcategory/multimerchant","/admin/customfield/updateorder","200"
"/admin/paymentcategory/multimerchant","/admin/language/user_language/","200"
"/admin/paymentcategory/multimerchant","/admin/notification/notification_clear","200"
"/admin/paymentcategory/multimerchant","/admin/notification/notification_read","200"
"/admin/paymentcategory/multimerchant","/admin/paymentcategory/multimerchant","200"
"/admin/paymentcategory/multimerchant","/Report/get_betweendate/","200"
"/admin/paymentsettings","/admin/alumni/getevent","200"
"/admin/paymentsettings","/admin/calendar/delete_event/","200"
"/admin/paymentsettings","/admin/calendar/getevents","200"
"/admin/paymentsettings","/admin/calendar/view_event/","200"
"/admin/paymentsettings","/admin/language/user_language/","200"
"/admin/paymentsettings","/admin/notification/notification_clear","200"
"/admin/paymentsettings","/admin/notification/notification_read","200"
"/admin/paymentsettings","/admin/paymentsettings/billdesk","200"
"/admin/paymentsettings","/admin/paymentsettings/billplz","200"
"/admin/paymentsettings","/admin/paymentsettings/cashfree","200"
"/admin/paymentsettings","/admin/paymentsettings/ccavenue","200"
"/admin/paymentsettings","/admin/paymentsettings/easebuzz","200"
"/admin/paymentsettings","/admin/paymentsettings/flutterwave","200"
"/admin/paymentsettings","/admin/paymentsettings/instamojo","200"
"/admin/paymentsettings","/admin/paymentsettings/ipayafrica","200"
"/admin/paymentsettings","/admin/paymentsettings/jazzcash","200"
"/admin/paymentsettings","/admin/paymentsettings/midtrans","200"
"/admin/paymentsettings","/admin/paymentsettings/mollie","200"
"/admin/paymentsettings","/admin/paymentsettings/mponline","200"
"/admin/paymentsettings","/admin/paymentsettings/onepay","200"
"/admin/paymentsettings","/admin/paymentsettings/payfast","200"
"/admin/paymentsettings","/admin/paymentsettings/payhere","200"
"/admin/paymentsettings","/admin/paymentsettings/paypal","200"
"/admin/paymentsettings","/admin/paymentsettings/paystack","200"
"/admin/paymentsettings","/admin/paymentsettings/paytm","200"
"/admin/paymentsettings","/admin/paymentsettings/payu","200"
"/admin/paymentsettings","/admin/paymentsettings/pesapal","200"
"/admin/paymentsettings","/admin/paymentsettings/razorpay","200"
"/admin/paymentsettings","/admin/paymentsettings/setting","200"
"/admin/paymentsettings","/admin/paymentsettings/skrill","200"
"/admin/paymentsettings","/admin/paymentsettings/sslcommerz","200"
"/admin/paymentsettings","/admin/paymentsettings/stripe","200"
"/admin/paymentsettings","/admin/paymentsettings/toyyibPay","200"
"/admin/paymentsettings","/admin/paymentsettings/twocheckout","200"
"/admin/paymentsettings","/admin/paymentsettings/walkingm","200"
"/admin/paymentsettings","/Report/get_betweendate/","200"
"/admin/payroll","/admin/alumni/getevent","200"
"/admin/payroll","/admin/calendar/delete_event/","200"
"/admin/payroll","/admin/calendar/getevents","200"
"/admin/payroll","/admin/calendar/view_event/","200"
"/admin/payroll","/admin/language/user_language/","200"
"/admin/payroll","/admin/notification/notification_clear","200"
"/admin/payroll","/admin/notification/notification_read","200"
"/admin/payroll","/admin/payroll","200"
"/admin/payroll","/admin/payroll/create","200"
"/admin/payroll","/admin/payroll/paymentRecord","200"
"/admin/payroll","/admin/payroll/paymentSuccess","200"
"/admin/payroll","/admin/payroll/payslipView","200"
"/admin/payroll","/admin/staff/getEmployeeByRole","200"
"/admin/payroll","/Report/get_betweendate/","200"
"/admin/payroll","/sections/getByClass","200"
"/admin/pickuppoint","/admin/alumni/getevent","200"
"/admin/pickuppoint","/admin/calendar/delete_event/","200"
"/admin/pickuppoint","/admin/calendar/getevents","200"
"/admin/pickuppoint","/admin/calendar/view_event/","200"
"/admin/pickuppoint","/admin/language/user_language/","200"
"/admin/pickuppoint","/admin/notification/notification_clear","200"
"/admin/pickuppoint","/admin/notification/notification_read","200"
"/admin/pickuppoint","/admin/pickuppoint/add_point","200"
"/admin/pickuppoint","/admin/pickuppoint/get_pointdata","200"
"/admin/pickuppoint","/admin/pickuppoint/getpickpointlist","200"
"/admin/pickuppoint","/admin/pickuppoint/pointmap","200"
"/admin/pickuppoint","/Report/get_betweendate/","200"
"/admin/pickuppoint/assign","/admin/alumni/getevent","200"
"/admin/pickuppoint/assign","/admin/calendar/delete_event/","200"
"/admin/pickuppoint/assign","/admin/calendar/getevents","200"
"/admin/pickuppoint/assign","/admin/calendar/view_event/","200"
"/admin/pickuppoint/assign","/admin/language/user_language/","200"
"/admin/pickuppoint/assign","/admin/notification/notification_clear","200"
"/admin/pickuppoint/assign","/admin/notification/notification_read","200"
"/admin/pickuppoint/assign","/admin/pickuppoint/addmore_point","200"
"/admin/pickuppoint/assign","/admin/pickuppoint/create","200"
"/admin/pickuppoint/assign","/admin/pickuppoint/get_assigndetails","200"
"/admin/pickuppoint/assign","/admin/pickuppoint/get_pickupdropdownlist/","200"
"/admin/pickuppoint/assign","/admin/pickuppoint/reorder","200"
"/admin/pickuppoint/assign","/admin/pickuppoint/reorder_pointid","200"
"/admin/pickuppoint/assign","/Report/get_betweendate/","200"
"/admin/pickuppoint/student_fees","/admin/alumni/getevent","200"
"/admin/pickuppoint/student_fees","/admin/calendar/delete_event/","200"
"/admin/pickuppoint/student_fees","/admin/calendar/getevents","200"
"/admin/pickuppoint/student_fees","/admin/calendar/view_event/","200"
"/admin/pickuppoint/student_fees","/admin/language/user_language/","200"
"/admin/pickuppoint/student_fees","/admin/notification/notification_clear","200"
"/admin/pickuppoint/student_fees","/admin/notification/notification_read","200"
"/admin/pickuppoint/student_fees","/admin/pickuppoint/add_student_fees","200"
"/admin/pickuppoint/student_fees","/admin/pickuppoint/student_fees","200"
"/admin/pickuppoint/student_fees","/admin/pickuppoint/student_transport_months","200"
"/admin/pickuppoint/student_fees","/Report/get_betweendate/","200"
"/admin/pickuppoint/student_fees","/sections/getByClass","200"
"/admin/print_headerfooter","/admin/alumni/getevent","200"
"/admin/print_headerfooter","/admin/calendar/delete_event/","200"
"/admin/print_headerfooter","/admin/calendar/getevents","200"
"/admin/print_headerfooter","/admin/calendar/view_event/","200"
"/admin/print_headerfooter","/admin/language/user_language/","200"
"/admin/print_headerfooter","/admin/notification/notification_clear","200"
"/admin/print_headerfooter","/admin/notification/notification_read","200"
"/admin/print_headerfooter","/admin/print_headerfooter/edit","200"
"/admin/print_headerfooter","/Report/get_betweendate/","200"
"/admin/question","/admin/alumni/getevent","200"
"/admin/question","/admin/calendar/delete_event/","200"
"/admin/question","/admin/calendar/getevents","200"
"/admin/question","/admin/calendar/view_event/","200"
"/admin/question","/admin/language/user_language/","200"
"/admin/question","/admin/notification/notification_clear","200"
"/admin/question","/admin/notification/notification_read","200"
"/admin/question","/admin/question/add","200"
"/admin/question","/admin/question/addform","200"
"/admin/question","/admin/question/bulkdelete","200"
"/admin/question","/admin/question/editform","200"
"/admin/question","/admin/question/getDatatable","200"
"/admin/question","/admin/question/getimages","200"
"/admin/question","/admin/question/getinactiveDatatable","200"
"/admin/question","/admin/question/questionsearchvalidation","200"
"/admin/question","/admin/question/uploadfile","200"
"/admin/question","/Report/get_betweendate/","200"
"/admin/question","/sections/getByClass","200"
"/admin/receive","/admin/alumni/getevent","200"
"/admin/receive","/admin/calendar/delete_event/","200"
"/admin/receive","/admin/calendar/getevents","200"
"/admin/receive","/admin/calendar/view_event/","200"
"/admin/receive","/admin/dispatch/details/","200"
"/admin/receive","/admin/language/user_language/","200"
"/admin/receive","/admin/notification/notification_clear","200"
"/admin/receive","/admin/notification/notification_read","200"
"/admin/receive","/admin/receive","200"
"/admin/receive","/Report/get_betweendate/","200"
"/admin/requisitions","/admin/alumni/getevent","200"
"/admin/requisitions","/admin/calendar/delete_event/","200"
"/admin/requisitions","/admin/calendar/getevents","200"
"/admin/requisitions","/admin/calendar/view_event/","200"
"/admin/requisitions","/admin/language/user_language/","200"
"/admin/requisitions","/admin/notification/notification_clear","200"
"/admin/requisitions","/admin/notification/notification_read","200"
"/admin/requisitions","/admin/requisitions/createRequisitiontopic","200"
"/admin/requisitions","/admin/requisitions/delete_req_doc","200"
"/admin/requisitions","/Report/get_betweendate/","200"
"/admin/requisitions/load_requisition_list","/admin/alumni/getevent","200"
"/admin/requisitions/load_requisition_list","/admin/calendar/delete_event/","200"
"/admin/requisitions/load_requisition_list","/admin/calendar/getevents","200"
"/admin/requisitions/load_requisition_list","/admin/calendar/view_event/","200"
"/admin/requisitions/load_requisition_list","/admin/language/user_language/","200"
"/admin/requisitions/load_requisition_list","/admin/notification/notification_clear","200"
"/admin/requisitions/load_requisition_list","/admin/notification/notification_read","200"
"/admin/requisitions/load_requisition_list","/admin/requisitions/fetchrequisition_request_receipt","200"
"/admin/requisitions/load_requisition_list","/admin/requisitions/get_requisition_request_view","200"
"/admin/requisitions/load_requisition_list","/admin/requisitions/load_requisition_list","200"
"/admin/requisitions/load_requisition_list","/admin/requisitions/up_requisition_request","200"
"/admin/requisitions/load_requisition_list","/Report/get_betweendate/","200"
"/admin/requisitions/load_requisition_list","/uploads/requisition/","200"
"/admin/result_remark","/admin/alumni/getevent","200"
"/admin/result_remark","/admin/calendar/delete_event/","200"
"/admin/result_remark","/admin/calendar/getevents","200"
"/admin/result_remark","/admin/calendar/view_event/","200"
"/admin/result_remark","/admin/language/user_language/","200"
"/admin/result_remark","/admin/notification/notification_clear","200"
"/admin/result_remark","/admin/notification/notification_read","200"
"/admin/result_remark","/admin/result_remark","200"
"/admin/result_remark","/classes/getByProgram","200"
"/admin/result_remark","/Report/get_betweendate/","200"
"/admin/resume/download","/admin/alumni/getevent","200"
"/admin/resume/download","/admin/calendar/delete_event/","200"
"/admin/resume/download","/admin/calendar/getevents","200"
"/admin/resume/download","/admin/calendar/view_event/","200"
"/admin/resume/download","/admin/language/user_language/","200"
"/admin/resume/download","/admin/notification/notification_clear","200"
"/admin/resume/download","/admin/notification/notification_read","200"
"/admin/resume/download","/admin/resume/download","200"
"/admin/resume/download","/admin/resume/printpdfresume","200"
"/admin/resume/download","/Report/get_betweendate/","200"
"/admin/resume/download","/sections/getByClass","200"
"/admin/resume/index","/admin/alumni/getevent","200"
"/admin/resume/index","/admin/calendar/delete_event/","200"
"/admin/resume/index","/admin/calendar/getevents","200"
"/admin/resume/index","/admin/calendar/view_event/","200"
"/admin/resume/index","/admin/language/user_language/","200"
"/admin/resume/index","/admin/notification/notification_clear","200"
"/admin/resume/index","/admin/notification/notification_read","200"
"/admin/resume/index","/admin/resume/index","200"
"/admin/resume/index","/admin/resume/printpdfresume","200"
"/admin/resume/index","/Report/get_betweendate/","200"
"/admin/resume/index","/sections/getByClass","200"
"/admin/revaluation_form/revaluationformsetting","/admin/alumni/getevent","200"
"/admin/revaluation_form/revaluationformsetting","/admin/calendar/delete_event/","200"
"/admin/revaluation_form/revaluationformsetting","/admin/calendar/getevents","200"
"/admin/revaluation_form/revaluationformsetting","/admin/calendar/view_event/","200"
"/admin/revaluation_form/revaluationformsetting","/admin/language/user_language/","200"
"/admin/revaluation_form/revaluationformsetting","/admin/notification/notification_clear","200"
"/admin/revaluation_form/revaluationformsetting","/admin/notification/notification_read","200"
"/admin/revaluation_form/revaluationformsetting","/admin/revaluation_form/addExamFeesProgram","200"
"/admin/revaluation_form/revaluationformsetting","/admin/revaluation_form/delete_revaluation_fees","200"
"/admin/revaluation_form/revaluationformsetting","/admin/revaluation_form/getrevaluationProgram","200"
"/admin/revaluation_form/revaluationformsetting","/admin/revaluation_form/revaluationformsetting","200"
"/admin/revaluation_form/revaluationformsetting","/admin/revaluation_form/saveFormFields","200"
"/admin/revaluation_form/revaluationformsetting","/Report/get_betweendate/","200"
"/admin/roles","/admin/alumni/getevent","200"
"/admin/roles","/admin/calendar/delete_event/","200"
"/admin/roles","/admin/calendar/getevents","200"
"/admin/roles","/admin/calendar/view_event/","200"
"/admin/roles","/admin/language/user_language/","200"
"/admin/roles","/admin/notification/notification_clear","200"
"/admin/roles","/admin/notification/notification_read","200"
"/admin/roles","/admin/roles","200"
"/admin/roles","/Report/get_betweendate/","200"
"/admin/roomtype","/admin/alumni/getevent","200"
"/admin/roomtype","/admin/calendar/delete_event/","200"
"/admin/roomtype","/admin/calendar/getevents","200"
"/admin/roomtype","/admin/calendar/view_event/","200"
"/admin/roomtype","/admin/language/user_language/","200"
"/admin/roomtype","/admin/notification/notification_clear","200"
"/admin/roomtype","/admin/notification/notification_read","200"
"/admin/roomtype","/admin/roomtype/create","200"
"/admin/roomtype","/Report/get_betweendate/","200"
"/admin/route","/admin/alumni/getevent","200"
"/admin/route","/admin/calendar/delete_event/","200"
"/admin/route","/admin/calendar/getevents","200"
"/admin/route","/admin/calendar/view_event/","200"
"/admin/route","/admin/language/user_language/","200"
"/admin/route","/admin/notification/notification_clear","200"
"/admin/route","/admin/notification/notification_read","200"
"/admin/route","/admin/route/create","200"
"/admin/route","/Report/get_betweendate/","200"
"/admin/route/studenttransportdetails","/admin/alumni/getevent","200"
"/admin/route/studenttransportdetails","/admin/calendar/delete_event/","200"
"/admin/route/studenttransportdetails","/admin/calendar/getevents","200"
"/admin/route/studenttransportdetails","/admin/calendar/view_event/","200"
"/admin/route/studenttransportdetails","/admin/language/user_language/","200"
"/admin/route/studenttransportdetails","/admin/notification/notification_clear","200"
"/admin/route/studenttransportdetails","/admin/notification/notification_read","200"
"/admin/route/studenttransportdetails","/admin/pickuppoint/getpickuppointsbyroute/","200"
"/admin/route/studenttransportdetails","/admin/route/studenttransportdetails","200"
"/admin/route/studenttransportdetails","/Report/get_betweendate/","200"
"/admin/route/studenttransportdetails","/sections/getByClass","200"
"/admin/schoolhouse","/admin/alumni/getevent","200"
"/admin/schoolhouse","/admin/calendar/delete_event/","200"
"/admin/schoolhouse","/admin/calendar/getevents","200"
"/admin/schoolhouse","/admin/calendar/view_event/","200"
"/admin/schoolhouse","/admin/language/user_language/","200"
"/admin/schoolhouse","/admin/notification/notification_clear","200"
"/admin/schoolhouse","/admin/notification/notification_read","200"
"/admin/schoolhouse","/admin/schoolhouse/create","200"
"/admin/schoolhouse","/Report/get_betweendate/","200"
"/admin/sidemenu","/admin/alumni/getevent","200"
"/admin/sidemenu","/admin/calendar/delete_event/","200"
"/admin/sidemenu","/admin/calendar/getevents","200"
"/admin/sidemenu","/admin/calendar/view_event/","200"
"/admin/sidemenu","/admin/language/user_language/","200"
"/admin/sidemenu","/admin/notification/notification_clear","200"
"/admin/sidemenu","/admin/notification/notification_read","200"
"/admin/sidemenu","/admin/sidemenu/add_menu","200"
"/admin/sidemenu","/admin/sidemenu/add_sub_menu","200"
"/admin/sidemenu","/admin/sidemenu/ajax_list_menu","200"
"/admin/sidemenu","/admin/sidemenu/getmenu","200"
"/admin/sidemenu","/admin/sidemenu/getsubmenu","200"
"/admin/sidemenu","/admin/sidemenu/menu_updateorder","200"
"/admin/sidemenu","/admin/sidemenu/submenu_updateorder","200"
"/admin/sidemenu","/collect","200"
"/admin/sidemenu","/Report/get_betweendate/","200"
"/admin/staff","/admin/alumni/getevent","200"
"/admin/staff","/admin/calendar/delete_event/","200"
"/admin/staff","/admin/calendar/getevents","200"
"/admin/staff","/admin/calendar/view_event/","200"
"/admin/staff","/admin/language/user_language/","200"
"/admin/staff","/admin/notification/notification_clear","200"
"/admin/staff","/admin/notification/notification_read","200"
"/admin/staff","/admin/staff","200"
"/admin/staff","/admin/staff/bulk_update_leaves_export","200"
"/admin/staff","/admin/staff/bulk_update_leaves_import","200"
"/admin/staff","/Report/get_betweendate/","200"
"/admin/staff","/sections/getByClass","200"
"/admin/staff/disablestafflist","/admin/alumni/getevent","200"
"/admin/staff/disablestafflist","/admin/calendar/delete_event/","200"
"/admin/staff/disablestafflist","/admin/calendar/getevents","200"
"/admin/staff/disablestafflist","/admin/calendar/view_event/","200"
"/admin/staff/disablestafflist","/admin/language/user_language/","200"
"/admin/staff/disablestafflist","/admin/notification/notification_clear","200"
"/admin/staff/disablestafflist","/admin/notification/notification_read","200"
"/admin/staff/disablestafflist","/admin/staff/disablestafflist","200"
"/admin/staff/disablestafflist","/Report/get_betweendate/","200"
"/admin/staff/leaverequest","/admin/alumni/getevent","200"
"/admin/staff/leaverequest","/admin/calendar/delete_event/","200"
"/admin/staff/leaverequest","/admin/calendar/getevents","200"
"/admin/staff/leaverequest","/admin/calendar/view_event/","200"
"/admin/staff/leaverequest","/admin/language/user_language/","200"
"/admin/staff/leaverequest","/admin/leaverequest/add_staff_leave","200"
"/admin/staff/leaverequest","/admin/leaverequest/cancel_staff_leave","200"
"/admin/staff/leaverequest","/admin/leaverequest/countLeave/","200"
"/admin/staff/leaverequest","/admin/leaverequest/downloadleaverequestdoc/","200"
"/admin/staff/leaverequest","/admin/leaverequest/getCombinationLeaveCount","200"
"/admin/staff/leaverequest","/admin/leaverequest/getCombinedLeaveDetails","200"
"/admin/staff/leaverequest","/admin/leaverequest/getStaffCombinationLeaves","200"
"/admin/staff/leaverequest","/admin/leaverequest/leaveRecord","200"
"/admin/staff/leaverequest","/admin/leaverequest/leaveStatus","200"
"/admin/staff/leaverequest","/admin/leaverequest/remove/","200"
"/admin/staff/leaverequest","/admin/notification/notification_clear","200"
"/admin/staff/leaverequest","/admin/notification/notification_read","200"
"/admin/staff/leaverequest","/admin/staff/getEmployeeByRole","200"
"/admin/staff/leaverequest","/admin/staff/getStaffLeaveDetailsByYear","200"
"/admin/staff/leaverequest","/admin/staff/leave_request_approval_report_pdf","200"
"/admin/staff/leaverequest","/Report/get_betweendate/","200"
"/admin/staff/profile/395","/admin/alumni/getevent","200"
"/admin/staff/profile/395","/admin/calendar/delete_event/","200"
"/admin/staff/profile/395","/admin/calendar/getevents","200"
"/admin/staff/profile/395","/admin/calendar/view_event/","200"
"/admin/staff/profile/395","/admin/language/user_language/","200"
"/admin/staff/profile/395","/admin/leaverequest/getCombinedLeaveDetails","200"
"/admin/staff/profile/395","/admin/leaverequest/leaveRecord","200"
"/admin/staff/profile/395","/admin/notification/notification_clear","200"
"/admin/staff/profile/395","/admin/notification/notification_read","200"
"/admin/staff/profile/395","/admin/staff/ajax_attendance","200"
"/admin/staff/profile/395","/admin/staff/change_password/","200"
"/admin/staff/profile/395","/admin/staff/disablestaff/","200"
"/admin/staff/profile/395","/admin/staff/getLeaveByYear","200"
"/admin/staff/profile/395","/admin/staff/leave_request_approval_report_pdf","200"
"/admin/staff/profile/395","/admin/staff/setSubjectPreference/","200"
"/admin/staff/profile/395","/admin/staffpayroll/payslipView","200"
"/admin/staff/profile/395","/admin/timeline/add_staff_timeline","200"
"/admin/staff/profile/395","/admin/timeline/delete_staff_timeline/","200"
"/admin/staff/profile/395","/admin/timeline/editstafftimeline","200"
"/admin/staff/profile/395","/admin/timeline/getstaffsingletimeline","200"
"/admin/staff/profile/395","/admin/timeline/staff_timeline/","200"
"/admin/staff/profile/395","/Report/get_betweendate/","200"
"/admin/staff/rating","/admin/alumni/getevent","200"
"/admin/staff/rating","/admin/calendar/delete_event/","200"
"/admin/staff/rating","/admin/calendar/getevents","200"
"/admin/staff/rating","/admin/calendar/view_event/","200"
"/admin/staff/rating","/admin/language/user_language/","200"
"/admin/staff/rating","/admin/notification/notification_clear","200"
"/admin/staff/rating","/admin/notification/notification_read","200"
"/admin/staff/rating","/Report/get_betweendate/","200"
"/admin/staff/staff_bulk_update","/admin/alumni/getevent","200"
"/admin/staff/staff_bulk_update","/admin/calendar/delete_event/","200"
"/admin/staff/staff_bulk_update","/admin/calendar/getevents","200"
"/admin/staff/staff_bulk_update","/admin/calendar/view_event/","200"
"/admin/staff/staff_bulk_update","/admin/language/user_language/","200"
"/admin/staff/staff_bulk_update","/admin/notification/notification_clear","200"
"/admin/staff/staff_bulk_update","/admin/notification/notification_read","200"
"/admin/staff/staff_bulk_update","/admin/staff/staff_bulk_update/","200"
"/admin/staff/staff_bulk_update","/admin/staff/staff_bulk_update_save","200"
"/admin/staff/staff_bulk_update","/Report/get_betweendate/","200"
"/admin/staff_certificate","/admin/alumni/getevent","200"
"/admin/staff_certificate","/admin/calendar/delete_event/","200"
"/admin/staff_certificate","/admin/calendar/getevents","200"
"/admin/staff_certificate","/admin/calendar/view_event/","200"
"/admin/staff_certificate","/admin/language/user_language/","200"
"/admin/staff_certificate","/admin/notification/notification_clear","200"
"/admin/staff_certificate","/admin/notification/notification_read","200"
"/admin/staff_certificate","/admin/staff_certificate/createCustomFieldsForCertificate","200"
"/admin/staff_certificate","/admin/staff_certificate/view","200"
"/admin/staff_certificate","/Report/get_betweendate/","200"
"/admin/staff_certificate/staff_generate_certificate","/admin/alumni/getevent","200"
"/admin/staff_certificate/staff_generate_certificate","/admin/calendar/delete_event/","200"
"/admin/staff_certificate/staff_generate_certificate","/admin/calendar/getevents","200"
"/admin/staff_certificate/staff_generate_certificate","/admin/calendar/view_event/","200"
"/admin/staff_certificate/staff_generate_certificate","/admin/language/user_language/","200"
"/admin/staff_certificate/staff_generate_certificate","/admin/notification/notification_clear","200"
"/admin/staff_certificate/staff_generate_certificate","/admin/notification/notification_read","200"
"/admin/staff_certificate/staff_generate_certificate","/admin/staff_certificate/generatemultiple","200"
"/admin/staff_certificate/staff_generate_certificate","/admin/staff_certificate/getCertificateCustomFields","200"
"/admin/staff_certificate/staff_generate_certificate","/admin/staff_certificate/search","200"
"/admin/staff_certificate/staff_generate_certificate","/Report/get_betweendate/","200"
"/admin/staff_leave_assign","/admin/alumni/getevent","200"
"/admin/staff_leave_assign","/admin/calendar/delete_event/","200"
"/admin/staff_leave_assign","/admin/calendar/getevents","200"
"/admin/staff_leave_assign","/admin/calendar/view_event/","200"
"/admin/staff_leave_assign","/admin/language/user_language/","200"
"/admin/staff_leave_assign","/admin/notification/notification_clear","200"
"/admin/staff_leave_assign","/admin/notification/notification_read","200"
"/admin/staff_leave_assign","/admin/staff_leave_assign/delete_leave_clubbing","200"
"/admin/staff_leave_assign","/admin/staff_leave_assign/delete_weekoff_rules","200"
"/admin/staff_leave_assign","/admin/staff_leave_assign/edit_leave_clubbing_rule","200"
"/admin/staff_leave_assign","/admin/staff_leave_assign/editStaffAssignForm","200"
"/admin/staff_leave_assign","/admin/staff_leave_assign/get_leave_clubbing_rules","200"
"/admin/staff_leave_assign","/admin/staff_leave_assign/get_weekoff_rules","200"
"/admin/staff_leave_assign","/admin/staff_leave_assign/save_assign_staff","200"
"/admin/staff_leave_assign","/admin/staff_leave_assign/save_leave_clubbing_rules","200"
"/admin/staff_leave_assign","/admin/staff_leave_assign/save_weekoff_rules","200"
"/admin/staff_leave_assign","/admin/staff_leave_assign/update_assign_staff","200"
"/admin/staff_leave_assign","/Report/get_betweendate/","200"
"/admin/staffattendance","/admin/alumni/getevent","200"
"/admin/staffattendance","/admin/calendar/delete_event/","200"
"/admin/staffattendance","/admin/calendar/getevents","200"
"/admin/staffattendance","/admin/calendar/view_event/","200"
"/admin/staffattendance","/admin/language/user_language/","200"
"/admin/staffattendance","/admin/notification/notification_clear","200"
"/admin/staffattendance","/admin/notification/notification_read","200"
"/admin/staffattendance","/admin/staffattendance/index","200"
"/admin/staffattendance","/Report/get_betweendate/","200"
"/admin/staffidcard","/admin/alumni/getevent","200"
"/admin/staffidcard","/admin/calendar/delete_event/","200"
"/admin/staffidcard","/admin/calendar/getevents","200"
"/admin/staffidcard","/admin/calendar/view_event/","200"
"/admin/staffidcard","/admin/language/user_language/","200"
"/admin/staffidcard","/admin/notification/notification_clear","200"
"/admin/staffidcard","/admin/notification/notification_read","200"
"/admin/staffidcard","/admin/staffidcard/create","200"
"/admin/staffidcard","/admin/staffidcard/view","200"
"/admin/staffidcard","/Report/get_betweendate/","200"
"/admin/staffpayroll/add_element","/admin/alumni/getevent","200"
"/admin/staffpayroll/add_element","/admin/calendar/delete_event/","200"
"/admin/staffpayroll/add_element","/admin/calendar/getevents","200"
"/admin/staffpayroll/add_element","/admin/calendar/view_event/","200"
"/admin/staffpayroll/add_element","/admin/language/user_language/","200"
"/admin/staffpayroll/add_element","/admin/notification/notification_clear","200"
"/admin/staffpayroll/add_element","/admin/notification/notification_read","200"
"/admin/staffpayroll/add_element","/admin/staffpayroll/add_element","200"
"/admin/staffpayroll/add_element","/admin/staffpayroll/getpayelementsByID","200"
"/admin/staffpayroll/add_element","/Report/get_betweendate/","200"
"/admin/staffpayroll/add_income_tax_element","/admin/alumni/getevent","200"
"/admin/staffpayroll/add_income_tax_element","/admin/calendar/delete_event/","200"
"/admin/staffpayroll/add_income_tax_element","/admin/calendar/getevents","200"
"/admin/staffpayroll/add_income_tax_element","/admin/calendar/view_event/","200"
"/admin/staffpayroll/add_income_tax_element","/admin/language/user_language/","200"
"/admin/staffpayroll/add_income_tax_element","/admin/notification/notification_clear","200"
"/admin/staffpayroll/add_income_tax_element","/admin/notification/notification_read","200"
"/admin/staffpayroll/add_income_tax_element","/admin/staffpayroll/delete_child_record","200"
"/admin/staffpayroll/add_income_tax_element","/admin/staffpayroll/delete_parent_record","200"
"/admin/staffpayroll/add_income_tax_element","/admin/staffpayroll/save_income_tax_element","200"
"/admin/staffpayroll/add_income_tax_element","/Report/get_betweendate/","200"
"/admin/staffpayroll/generate_income_tax","/admin/alumni/getevent","200"
"/admin/staffpayroll/generate_income_tax","/admin/calendar/delete_event/","200"
"/admin/staffpayroll/generate_income_tax","/admin/calendar/getevents","200"
"/admin/staffpayroll/generate_income_tax","/admin/calendar/view_event/","200"
"/admin/staffpayroll/generate_income_tax","/admin/language/user_language/","200"
"/admin/staffpayroll/generate_income_tax","/admin/notification/notification_clear","200"
"/admin/staffpayroll/generate_income_tax","/admin/notification/notification_read","200"
"/admin/staffpayroll/generate_income_tax","/admin/payroll/create","200"
"/admin/staffpayroll/generate_income_tax","/admin/staffpayroll/generate_income_tax","200"
"/admin/staffpayroll/generate_income_tax","/admin/staffpayroll/getForm16","200"
"/admin/staffpayroll/generate_income_tax","/admin/staffpayroll/getincometaxdetails","200"
"/admin/staffpayroll/generate_income_tax","/Report/get_betweendate/","200"
"/admin/staffpayroll/generate_income_tax","/staff_id","200"
"/admin/staffpayroll/manage_staff_payroll","/admin/alumni/getevent","200"
"/admin/staffpayroll/manage_staff_payroll","/admin/calendar/delete_event/","200"
"/admin/staffpayroll/manage_staff_payroll","/admin/calendar/getevents","200"
"/admin/staffpayroll/manage_staff_payroll","/admin/calendar/view_event/","200"
"/admin/staffpayroll/manage_staff_payroll","/admin/language/user_language/","200"
"/admin/staffpayroll/manage_staff_payroll","/admin/notification/notification_clear","200"
"/admin/staffpayroll/manage_staff_payroll","/admin/notification/notification_read","200"
"/admin/staffpayroll/manage_staff_payroll","/admin/staffpayroll/add_payroll_dependant_elements","200"
"/admin/staffpayroll/manage_staff_payroll","/admin/staffpayroll/delete_payroll_dependant/","200"
"/admin/staffpayroll/manage_staff_payroll","/admin/staffpayroll/get_payroll_elements_except_current_id","200"
"/admin/staffpayroll/manage_staff_payroll","/admin/staffpayroll/manage_staff_payroll","200"
"/admin/staffpayroll/manage_staff_payroll","/admin/staffpayroll/save_manage_payroll","200"
"/admin/staffpayroll/manage_staff_payroll","/Report/get_betweendate/","200"
"/admin/staffpayroll/select_pay_element","/admin/alumni/getevent","200"
"/admin/staffpayroll/select_pay_element","/admin/calendar/delete_event/","200"
"/admin/staffpayroll/select_pay_element","/admin/calendar/getevents","200"
"/admin/staffpayroll/select_pay_element","/admin/calendar/view_event/","200"
"/admin/staffpayroll/select_pay_element","/admin/language/user_language/","200"
"/admin/staffpayroll/select_pay_element","/admin/notification/notification_clear","200"
"/admin/staffpayroll/select_pay_element","/admin/notification/notification_read","200"
"/admin/staffpayroll/select_pay_element","/admin/staffpayroll/select_pay_element","200"
"/admin/staffpayroll/select_pay_element","/Report/get_betweendate/","200"
"/admin/staffpayroll/setup_tax_slab","/admin/alumni/getevent","200"
"/admin/staffpayroll/setup_tax_slab","/admin/calendar/delete_event/","200"
"/admin/staffpayroll/setup_tax_slab","/admin/calendar/getevents","200"
"/admin/staffpayroll/setup_tax_slab","/admin/calendar/view_event/","200"
"/admin/staffpayroll/setup_tax_slab","/admin/language/user_language/","200"
"/admin/staffpayroll/setup_tax_slab","/admin/notification/notification_clear","200"
"/admin/staffpayroll/setup_tax_slab","/admin/notification/notification_read","200"
"/admin/staffpayroll/setup_tax_slab","/admin/staffpayroll/add_tax_slab","200"
"/admin/staffpayroll/setup_tax_slab","/admin/staffpayroll/delete_income_tax_slab/","200"
"/admin/staffpayroll/setup_tax_slab","/admin/staffpayroll/setup_tax_slab","200"
"/admin/staffpayroll/setup_tax_slab","/Report/get_betweendate/","200"
"/admin/staffpayroll/staff_payroll","/admin/alumni/getevent","200"
"/admin/staffpayroll/staff_payroll","/admin/calendar/delete_event/","200"
"/admin/staffpayroll/staff_payroll","/admin/calendar/getevents","200"
"/admin/staffpayroll/staff_payroll","/admin/calendar/view_event/","200"
"/admin/staffpayroll/staff_payroll","/admin/language/user_language/","200"
"/admin/staffpayroll/staff_payroll","/admin/notification/notification_clear","200"
"/admin/staffpayroll/staff_payroll","/admin/notification/notification_read","200"
"/admin/staffpayroll/staff_payroll","/admin/payroll/create","200"
"/admin/staffpayroll/staff_payroll","/admin/staffpayroll/bulk_generate_export","200"
"/admin/staffpayroll/staff_payroll","/admin/staffpayroll/bulk_generate_import","200"
"/admin/staffpayroll/staff_payroll","/admin/staffpayroll/copy_from_previous_month","200"
"/admin/staffpayroll/staff_payroll","/admin/staffpayroll/getstaffbankdetails","200"
"/admin/staffpayroll/staff_payroll","/admin/staffpayroll/paymentSuccess","200"
"/admin/staffpayroll/staff_payroll","/admin/staffpayroll/payslipView","200"
"/admin/staffpayroll/staff_payroll","/admin/staffpayroll/printAllPayslips","200"
"/admin/staffpayroll/staff_payroll","/admin/staffpayroll/revertGenerated","200"
"/admin/staffpayroll/staff_payroll","/admin/staffpayroll/revertPaid","200"
"/admin/staffpayroll/staff_payroll","/admin/staffpayroll/staff_payroll","200"
"/admin/staffpayroll/staff_payroll","/none","200"
"/admin/staffpayroll/staff_payroll","/Report/get_betweendate/","200"
"/admin/staffpayroll/visiting_staff_payroll","/admin/alumni/getevent","200"
"/admin/staffpayroll/visiting_staff_payroll","/admin/calendar/delete_event/","200"
"/admin/staffpayroll/visiting_staff_payroll","/admin/calendar/getevents","200"
"/admin/staffpayroll/visiting_staff_payroll","/admin/calendar/view_event/","200"
"/admin/staffpayroll/visiting_staff_payroll","/admin/language/user_language/","200"
"/admin/staffpayroll/visiting_staff_payroll","/admin/notification/notification_clear","200"
"/admin/staffpayroll/visiting_staff_payroll","/admin/notification/notification_read","200"
"/admin/staffpayroll/visiting_staff_payroll","/admin/staffpayroll/getVisitingStaffPayroll","200"
"/admin/staffpayroll/visiting_staff_payroll","/admin/staffpayroll/payslipView","200"
"/admin/staffpayroll/visiting_staff_payroll","/admin/staffpayroll/visiting_staff_payroll","200"
"/admin/staffpayroll/visiting_staff_payroll","/Report/get_betweendate/","200"
"/admin/stdtransfer","/admin/alumni/getevent","200"
"/admin/stdtransfer","/admin/calendar/delete_event/","200"
"/admin/stdtransfer","/admin/calendar/getevents","200"
"/admin/stdtransfer","/admin/calendar/view_event/","200"
"/admin/stdtransfer","/admin/language/user_language/","200"
"/admin/stdtransfer","/admin/notification/notification_clear","200"
"/admin/stdtransfer","/admin/notification/notification_read","200"
"/admin/stdtransfer","/admin/stdtransfer/index","200"
"/admin/stdtransfer","/admin/stdtransfer/promote","200"
"/admin/stdtransfer","/feemaster/getByFeecategory","200"
"/admin/stdtransfer","/Report/get_betweendate/","200"
"/admin/stdtransfer","/sections/","200"
"/admin/stdtransfer","/sections/getByClass","200"
"/admin/stuattendence","/admin/alumni/getevent","200"
"/admin/stuattendence","/admin/calendar/delete_event/","200"
"/admin/stuattendence","/admin/calendar/getevents","200"
"/admin/stuattendence","/admin/calendar/view_event/","200"
"/admin/stuattendence","/admin/language/user_language/","200"
"/admin/stuattendence","/admin/notification/notification_clear","200"
"/admin/stuattendence","/admin/notification/notification_read","200"
"/admin/stuattendence","/admin/stuattendence/index","200"
"/admin/stuattendence","/Report/get_betweendate/","200"
"/admin/stuattendence","/sections/getByClass","200"
"/admin/stuattendence/attendencereport","/admin/alumni/getevent","200"
"/admin/stuattendence/attendencereport","/admin/calendar/delete_event/","200"
"/admin/stuattendence/attendencereport","/admin/calendar/getevents","200"
"/admin/stuattendence/attendencereport","/admin/calendar/view_event/","200"
"/admin/stuattendence/attendencereport","/admin/language/user_language/","200"
"/admin/stuattendence/attendencereport","/admin/notification/notification_clear","200"
"/admin/stuattendence/attendencereport","/admin/notification/notification_read","200"
"/admin/stuattendence/attendencereport","/admin/stuattendence/attendencereport","200"
"/admin/stuattendence/attendencereport","/Report/get_betweendate/","200"
"/admin/stuattendence/attendencereport","/sections/getByClass","200"
"/admin/student_log_update","/admin/alumni/getevent","200"
"/admin/student_log_update","/admin/calendar/delete_event/","200"
"/admin/student_log_update","/admin/calendar/getevents","200"
"/admin/student_log_update","/admin/calendar/view_event/","200"
"/admin/student_log_update","/admin/language/user_language/","200"
"/admin/student_log_update","/admin/notification/notification_clear","200"
"/admin/student_log_update","/admin/notification/notification_read","200"
"/admin/student_log_update","/admin/student_log_update","200"
"/admin/student_log_update","/Report/get_betweendate/","200"
"/admin/student_log_update","/sections/getByClass","200"
"/admin/studentidcard","/admin/alumni/getevent","200"
"/admin/studentidcard","/admin/calendar/delete_event/","200"
"/admin/studentidcard","/admin/calendar/getevents","200"
"/admin/studentidcard","/admin/calendar/view_event/","200"
"/admin/studentidcard","/admin/language/user_language/","200"
"/admin/studentidcard","/admin/notification/notification_clear","200"
"/admin/studentidcard","/admin/notification/notification_read","200"
"/admin/studentidcard","/admin/studentidcard/view","200"
"/admin/studentidcard","/Report/get_betweendate/","200"
"/admin/subject","/admin/alumni/getevent","200"
"/admin/subject","/admin/calendar/delete_event/","200"
"/admin/subject","/admin/calendar/getevents","200"
"/admin/subject","/admin/calendar/view_event/","200"
"/admin/subject","/admin/language/user_language/","200"
"/admin/subject","/admin/notification/notification_clear","200"
"/admin/subject","/admin/notification/notification_read","200"
"/admin/subject","/admin/subject","200"
"/admin/subject","/admin/subject/importfile","200"
"/admin/subject","/Report/get_betweendate/","200"
"/admin/subjectattendence/index","/admin/alumni/getevent","200"
"/admin/subjectattendence/index","/admin/calendar/delete_event/","200"
"/admin/subjectattendence/index","/admin/calendar/getevents","200"
"/admin/subjectattendence/index","/admin/calendar/view_event/","200"
"/admin/subjectattendence/index","/admin/language/user_language/","200"
"/admin/subjectattendence/index","/admin/notification/notification_clear","200"
"/admin/subjectattendence/index","/admin/notification/notification_read","200"
"/admin/subjectattendence/index","/admin/subjectattendence","200"
"/admin/subjectattendence/index","/admin/subjectattendence/attendenceList_pdf","200"
"/admin/subjectattendence/index","/admin/subjectattendence/get_roll_wise_student/","200"
"/admin/subjectattendence/index","/admin/subjectattendence/month_attendance_view","200"
"/admin/subjectattendence/index","/admin/subjectgroup/getSubjectByClassandSectionDate","200"
"/admin/subjectattendence/index","/Report/get_betweendate/","200"
"/admin/subjectattendence/index","/sections/getByClass","200"
"/admin/subjectattendence/reportbydate","/admin/alumni/getevent","200"
"/admin/subjectattendence/reportbydate","/admin/calendar/delete_event/","200"
"/admin/subjectattendence/reportbydate","/admin/calendar/getevents","200"
"/admin/subjectattendence/reportbydate","/admin/calendar/view_event/","200"
"/admin/subjectattendence/reportbydate","/admin/language/user_language/","200"
"/admin/subjectattendence/reportbydate","/admin/notification/notification_clear","200"
"/admin/subjectattendence/reportbydate","/admin/notification/notification_read","200"
"/admin/subjectattendence/reportbydate","/admin/subjectattendence/reportbydate","200"
"/admin/subjectattendence/reportbydate","/Report/get_betweendate/","200"
"/admin/subjectattendence/reportbydate","/sections/getByClass","200"
"/admin/subjectgroup","/admin/alumni/getevent","200"
"/admin/subjectgroup","/admin/calendar/delete_event/","200"
"/admin/subjectgroup","/admin/calendar/getevents","200"
"/admin/subjectgroup","/admin/calendar/view_event/","200"
"/admin/subjectgroup","/admin/language/user_language/","200"
"/admin/subjectgroup","/admin/notification/notification_clear","200"
"/admin/subjectgroup","/admin/notification/notification_read","200"
"/admin/subjectgroup","/admin/subjectgroup","200"
"/admin/subjectgroup","/admin/subjectgroup/getSemesterByClass","200"
"/admin/subjectgroup","/admin/subjectgroup/importfile","200"
"/admin/subjectgroup","/Report/get_betweendate/","200"
"/admin/subjectgroup","/sections/getByClass","200"
"/admin/syllabus","/admin/alumni/getevent","200"
"/admin/syllabus","/admin/calendar/delete_event/","200"
"/admin/syllabus","/admin/calendar/getevents","200"
"/admin/syllabus","/admin/calendar/view_event/","200"
"/admin/syllabus","/admin/language/user_language/","200"
"/admin/syllabus","/admin/lessonplan/getlessonBysubjectidedit/","200"
"/admin/syllabus","/admin/lessonplan/gettopicBylessonid/","200"
"/admin/syllabus","/admin/notification/notification_clear","200"
"/admin/syllabus","/admin/notification/notification_read","200"
"/admin/syllabus","/admin/question/getimages","200"
"/admin/syllabus","/admin/syllabus/add_syllabus","200"
"/admin/syllabus","/admin/syllabus/get_subject_syllabus","200"
"/admin/syllabus","/admin/syllabus/get_weekdates","200"
"/admin/syllabus","/admin/syllabus/getsubject_syllabus/","200"
"/admin/syllabus","/Report/get_betweendate/","200"
"/admin/syllabus/status","/admin/alumni/getevent","200"
"/admin/syllabus/status","/admin/calendar/delete_event/","200"
"/admin/syllabus/status","/admin/calendar/getevents","200"
"/admin/syllabus/status","/admin/calendar/view_event/","200"
"/admin/syllabus/status","/admin/language/user_language/","200"
"/admin/syllabus/status","/admin/lessonplan/changeTopicStatus","200"
"/admin/syllabus/status","/admin/lessonplan/get_","200"
"/admin/syllabus/status","/admin/lessonplan/topic_completedate","200"
"/admin/syllabus/status","/admin/notification/notification_clear","200"
"/admin/syllabus/status","/admin/notification/notification_read","200"
"/admin/syllabus/status","/admin/subjectgroup/getGroupByClassId","200"
"/admin/syllabus/status","/admin/subjectgroup/getGroupsubjectsBySemesterType","200"
"/admin/syllabus/status","/admin/syllabus/status","200"
"/admin/syllabus/status","/Report/get_betweendate/","200"
"/admin/syllabus/status","/sections/getByClass","200"
"/admin/systemfield","/admin/alumni/getevent","200"
"/admin/systemfield","/admin/calendar/delete_event/","200"
"/admin/systemfield","/admin/calendar/getevents","200"
"/admin/systemfield","/admin/calendar/view_event/","200"
"/admin/systemfield","/admin/language/user_language/","200"
"/admin/systemfield","/admin/notification/notification_clear","200"
"/admin/systemfield","/admin/notification/notification_read","200"
"/admin/systemfield","/admin/systemfield/changeStatus","200"
"/admin/systemfield","/Report/get_betweendate/","200"
"/admin/teacher/assign_class_teacher","/admin/alumni/getevent","200"
"/admin/teacher/assign_class_teacher","/admin/calendar/delete_event/","200"
"/admin/teacher/assign_class_teacher","/admin/calendar/getevents","200"
"/admin/teacher/assign_class_teacher","/admin/calendar/view_event/","200"
"/admin/teacher/assign_class_teacher","/admin/language/user_language/","200"
"/admin/teacher/assign_class_teacher","/admin/notification/notification_clear","200"
"/admin/teacher/assign_class_teacher","/admin/notification/notification_read","200"
"/admin/teacher/assign_class_teacher","/admin/teacher/assign_class_teacher","200"
"/admin/teacher/assign_class_teacher","/feemaster/getByFeecategory","200"
"/admin/teacher/assign_class_teacher","/Report/get_betweendate/","200"
"/admin/teacher/assign_class_teacher","/sections/getByClass","200"
"/admin/teacher/assign_subject_teacher","/admin/alumni/getevent","200"
"/admin/teacher/assign_subject_teacher","/admin/calendar/delete_event/","200"
"/admin/teacher/assign_subject_teacher","/admin/calendar/getevents","200"
"/admin/teacher/assign_subject_teacher","/admin/calendar/view_event/","200"
"/admin/teacher/assign_subject_teacher","/admin/language/user_language/","200"
"/admin/teacher/assign_subject_teacher","/admin/notification/notification_clear","200"
"/admin/teacher/assign_subject_teacher","/admin/notification/notification_read","200"
"/admin/teacher/assign_subject_teacher","/admin/teacher/saveSubjectTeacherSetup","200"
"/admin/teacher/assign_subject_teacher","/Report/get_betweendate/","200"
"/admin/teachers_research/","/admin/alumni/getevent","200"
"/admin/teachers_research/","/admin/calendar/delete_event/","200"
"/admin/teachers_research/","/admin/calendar/getevents","200"
"/admin/teachers_research/","/admin/calendar/view_event/","200"
"/admin/teachers_research/","/admin/language/user_language/","200"
"/admin/teachers_research/","/admin/notification/notification_clear","200"
"/admin/teachers_research/","/admin/notification/notification_read","200"
"/admin/teachers_research/","/admin/teachers_research/delete_record","200"
"/admin/teachers_research/","/admin/teachers_research/get_edit_record","200"
"/admin/teachers_research/","/admin/teachers_research/research_details","200"
"/admin/teachers_research/","/Report/get_betweendate/","200"
"/admin/timetable/classreport","/admin/alumni/getevent","200"
"/admin/timetable/classreport","/admin/calendar/delete_event/","200"
"/admin/timetable/classreport","/admin/calendar/getevents","200"
"/admin/timetable/classreport","/admin/calendar/view_event/","200"
"/admin/timetable/classreport","/admin/language/user_language/","200"
"/admin/timetable/classreport","/admin/notification/notification_clear","200"
"/admin/timetable/classreport","/admin/notification/notification_read","200"
"/admin/timetable/classreport","/admin/subjectgroup/getGroupByClassandSection","200"
"/admin/timetable/classreport","/admin/timetable/classreport","200"
"/admin/timetable/classreport","/admin/timetable/getBydategroupclasssection","200"
"/admin/timetable/classreport","/Report/get_betweendate/","200"
"/admin/timetable/classreport","/sections/getByClass","200"
"/admin/timetable/mytimetable","/admin/alumni/getevent","200"
"/admin/timetable/mytimetable","/admin/calendar/delete_event/","200"
"/admin/timetable/mytimetable","/admin/calendar/getevents","200"
"/admin/timetable/mytimetable","/admin/calendar/view_event/","200"
"/admin/timetable/mytimetable","/admin/language/user_language/","200"
"/admin/timetable/mytimetable","/admin/notification/notification_clear","200"
"/admin/timetable/mytimetable","/admin/notification/notification_read","200"
"/admin/timetable/mytimetable","/admin/timetable/getteachertimetable","200"
"/admin/timetable/mytimetable","/Report/get_betweendate/","200"
"/admin/tnp","/admin/alumni/getevent","200"
"/admin/tnp","/admin/calendar/delete_event/","200"
"/admin/tnp","/admin/calendar/getevents","200"
"/admin/tnp","/admin/calendar/view_event/","200"
"/admin/tnp","/admin/language/user_language/","200"
"/admin/tnp","/admin/notification/notification_clear","200"
"/admin/tnp","/admin/notification/notification_read","200"
"/admin/tnp","/admin/tnp","200"
"/admin/tnp","/admin/tnp/downloadresumeszipfiles","200"
"/admin/tnp","/admin/tnp/view_std_achievment_list/","200"
"/admin/tnp","/Report/get_betweendate/","200"
"/admin/tnp/tnp_company_list","/admin/alumni/getevent","200"
"/admin/tnp/tnp_company_list","/admin/calendar/delete_event/","200"
"/admin/tnp/tnp_company_list","/admin/calendar/getevents","200"
"/admin/tnp/tnp_company_list","/admin/calendar/view_event/","200"
"/admin/tnp/tnp_company_list","/admin/language/user_language/","200"
"/admin/tnp/tnp_company_list","/admin/notification/notification_clear","200"
"/admin/tnp/tnp_company_list","/admin/notification/notification_read","200"
"/admin/tnp/tnp_company_list","/admin/tnp/addtnpcompany","200"
"/admin/tnp/tnp_company_list","/admin/tnp/compnay_delete/","200"
"/admin/tnp/tnp_company_list","/admin/tnp/fetchcompany_requestid","200"
"/admin/tnp/tnp_company_list","/admin/tnp/updatetnpcompany","200"
"/admin/tnp/tnp_company_list","/Report/get_betweendate/","200"
"/admin/tnp/tnp_company_list","/uploads/tnp/","200"
"/admin/transport/feemaster","/admin/alumni/getevent","200"
"/admin/transport/feemaster","/admin/calendar/delete_event/","200"
"/admin/transport/feemaster","/admin/calendar/getevents","200"
"/admin/transport/feemaster","/admin/calendar/view_event/","200"
"/admin/transport/feemaster","/admin/language/user_language/","200"
"/admin/transport/feemaster","/admin/notification/notification_clear","200"
"/admin/transport/feemaster","/admin/notification/notification_read","200"
"/admin/transport/feemaster","/Report/get_betweendate/","200"
"/admin/updater","/admin/alumni/getevent","200"
"/admin/updater","/admin/calendar/delete_event/","200"
"/admin/updater","/admin/calendar/getevents","200"
"/admin/updater","/admin/calendar/view_event/","200"
"/admin/updater","/admin/language/user_language/","200"
"/admin/updater","/admin/notification/notification_clear","200"
"/admin/updater","/admin/notification/notification_read","200"
"/admin/updater","/Report/get_betweendate/","200"
"/admin/userlog","/admin/alumni/getevent","200"
"/admin/userlog","/admin/calendar/delete_event/","200"
"/admin/userlog","/admin/calendar/getevents","200"
"/admin/userlog","/admin/calendar/view_event/","200"
"/admin/userlog","/admin/language/user_language/","200"
"/admin/userlog","/admin/notification/notification_clear","200"
"/admin/userlog","/admin/notification/notification_read","200"
"/admin/userlog","/admin/userlog/delete/","200"
"/admin/userlog","/admin/userlog/getDatatable","200"
"/admin/userlog","/Report/get_betweendate/","200"
"/admin/userlog/paymentLog","/admin/alumni/getevent","200"
"/admin/userlog/paymentLog","/admin/calendar/delete_event/","200"
"/admin/userlog/paymentLog","/admin/calendar/getevents","200"
"/admin/userlog/paymentLog","/admin/calendar/view_event/","200"
"/admin/userlog/paymentLog","/admin/language/user_language/","200"
"/admin/userlog/paymentLog","/admin/notification/notification_clear","200"
"/admin/userlog/paymentLog","/admin/notification/notification_read","200"
"/admin/userlog/paymentLog","/admin/userlog/getPaymentLogDatatable","200"
"/admin/userlog/paymentLog","/Report/get_betweendate/","200"
"/admin/users","/admin/alumni/getevent","200"
"/admin/users","/admin/calendar/delete_event/","200"
"/admin/users","/admin/calendar/getevents","200"
"/admin/users","/admin/calendar/view_event/","200"
"/admin/users","/admin/language/user_language/","200"
"/admin/users","/admin/notification/notification_clear","200"
"/admin/users","/admin/notification/notification_read","200"
"/admin/users","/admin/users/changeStatus","200"
"/admin/users","/Report/get_betweendate/","200"
"/admin/vehicle","/admin/alumni/getevent","200"
"/admin/vehicle","/admin/calendar/delete_event/","200"
"/admin/vehicle","/admin/calendar/getevents","200"
"/admin/vehicle","/admin/calendar/view_event/","200"
"/admin/vehicle","/admin/language/user_language/","200"
"/admin/vehicle","/admin/notification/notification_clear","200"
"/admin/vehicle","/admin/notification/notification_read","200"
"/admin/vehicle","/admin/vehicle/add","200"
"/admin/vehicle","/admin/vehicle/edit","200"
"/admin/vehicle","/admin/vehicle/getsinglevehicledata","200"
"/admin/vehicle","/admin/vehicle/vehicledetails","200"
"/admin/vehicle","/Report/get_betweendate/","200"
"/admin/vehroute","/admin/alumni/getevent","200"
"/admin/vehroute","/admin/calendar/delete_event/","200"
"/admin/vehroute","/admin/calendar/getevents","200"
"/admin/vehroute","/admin/calendar/view_event/","200"
"/admin/vehroute","/admin/language/user_language/","200"
"/admin/vehroute","/admin/notification/notification_clear","200"
"/admin/vehroute","/admin/notification/notification_read","200"
"/admin/vehroute","/admin/vehroute","200"
"/admin/vehroute","/Report/get_betweendate/","200"
"/admin/video_tutorial","/admin/alumni/getevent","200"
"/admin/video_tutorial","/admin/calendar/delete_event/","200"
"/admin/video_tutorial","/admin/calendar/getevents","200"
"/admin/video_tutorial","/admin/calendar/view_event/","200"
"/admin/video_tutorial","/admin/language/user_language/","200"
"/admin/video_tutorial","/admin/notification/notification_clear","200"
"/admin/video_tutorial","/admin/notification/notification_read","200"
"/admin/video_tutorial","/admin/video_tutorial/add","200"
"/admin/video_tutorial","/admin/video_tutorial/delete","200"
"/admin/video_tutorial","/admin/video_tutorial/edit","200"
"/admin/video_tutorial","/admin/video_tutorial/get","200"
"/admin/video_tutorial","/admin/video_tutorial/getPage/","200"
"/admin/video_tutorial","/admin/video_tutorial/getsection","200"
"/admin/video_tutorial","/admin/video_tutorial/searchvalidation","200"
"/admin/video_tutorial","/Report/get_betweendate/","200"
"/admin/video_tutorial","/sections/getByClass","200"
"/admin/visitors","/admin/alumni/getevent","200"
"/admin/visitors","/admin/calendar/delete_event/","200"
"/admin/visitors","/admin/calendar/getevents","200"
"/admin/visitors","/admin/calendar/view_event/","200"
"/admin/visitors","/admin/language/user_language/","200"
"/admin/visitors","/admin/notification/notification_clear","200"
"/admin/visitors","/admin/notification/notification_read","200"
"/admin/visitors","/admin/visitors/add","200"
"/admin/visitors","/admin/visitors/delete","200"
"/admin/visitors","/admin/visitors/details/","200"
"/admin/visitors","/admin/visitors/edit","200"
"/admin/visitors","/admin/visitors/editvisitor","200"
"/admin/visitors","/admin/visitors/getPrincipal","200"
"/admin/visitors","/admin/visitors/getstudent","200"
"/admin/visitors","/Report/get_betweendate/","200"
"/admin/visitors","/sections/getByClass","200"
"/admin/visitorspurpose","/admin/alumni/getevent","200"
"/admin/visitorspurpose","/admin/calendar/delete_event/","200"
"/admin/visitorspurpose","/admin/calendar/getevents","200"
"/admin/visitorspurpose","/admin/calendar/view_event/","200"
"/admin/visitorspurpose","/admin/language/user_language/","200"
"/admin/visitorspurpose","/admin/notification/notification_clear","200"
"/admin/visitorspurpose","/admin/notification/notification_read","200"
"/admin/visitorspurpose","/admin/visitorspurpose","200"
"/admin/visitorspurpose","/Report/get_betweendate/","200"
"/attendencereports/attendance","/admin/alumni/getevent","200"
"/attendencereports/attendance","/admin/calendar/delete_event/","200"
"/attendencereports/attendance","/admin/calendar/getevents","200"
"/attendencereports/attendance","/admin/calendar/view_event/","200"
"/attendencereports/attendance","/admin/language/user_language/","200"
"/attendencereports/attendance","/admin/notification/notification_clear","200"
"/attendencereports/attendance","/admin/notification/notification_read","200"
"/attendencereports/attendance","/Report/get_betweendate/","200"
"/category","/admin/alumni/getevent","200"
"/category","/admin/calendar/delete_event/","200"
"/category","/admin/calendar/getevents","200"
"/category","/admin/calendar/view_event/","200"
"/category","/admin/language/user_language/","200"
"/category","/admin/notification/notification_clear","200"
"/category","/admin/notification/notification_read","200"
"/category","/category/create","200"
"/category","/Report/get_betweendate/","200"
"/classes","/admin/alumni/getevent","200"
"/classes","/admin/calendar/delete_event/","200"
"/classes","/admin/calendar/getevents","200"
"/classes","/admin/calendar/view_event/","200"
"/classes","/admin/language/user_language/","200"
"/classes","/admin/notification/notification_clear","200"
"/classes","/admin/notification/notification_read","200"
"/classes","/classes","200"
"/classes","/Report/get_betweendate/","200"
"/course_master","/admin/alumni/getevent","200"
"/course_master","/admin/calendar/delete_event/","200"
"/course_master","/admin/calendar/getevents","200"
"/course_master","/admin/calendar/view_event/","200"
"/course_master","/admin/inward/fetch_role_staff","200"
"/course_master","/admin/language/user_language/","200"
"/course_master","/admin/notification/notification_clear","200"
"/course_master","/admin/notification/notification_read","200"
"/course_master","/course_master","200"
"/course_master","/course_master/exam_approval","200"
"/course_master","/course_master/get_result_approvers","200"
"/course_master","/Report/get_betweendate/","200"
"/department","/admin/alumni/getevent","200"
"/department","/admin/calendar/delete_event/","200"
"/department","/admin/calendar/getevents","200"
"/department","/admin/calendar/view_event/","200"
"/department","/admin/language/user_language/","200"
"/department","/admin/notification/notification_clear","200"
"/department","/admin/notification/notification_read","200"
"/department","/department","200"
"/department","/Report/get_betweendate/","200"
"/emailconfig","/admin/alumni/getevent","200"
"/emailconfig","/admin/calendar/delete_event/","200"
"/emailconfig","/admin/calendar/getevents","200"
"/emailconfig","/admin/calendar/view_event/","200"
"/emailconfig","/admin/language/user_language/","200"
"/emailconfig","/admin/notification/notification_clear","200"
"/emailconfig","/admin/notification/notification_read","200"
"/emailconfig","/emailconfig/index","200"
"/emailconfig","/emailconfig/test_mail","200"
"/emailconfig","/Report/get_betweendate/","200"
"/emailconfig","/testmail/sendmail","200"
"/emailconfig","/testmail/sendpayment","200"
"/emailconfig","/testmail/sendsms","200"
"/emailconfig","/testmail/test_mail","200"
"/feedback/assign_feedback_form","/admin/alumni/getevent","200"
"/feedback/assign_feedback_form","/admin/calendar/delete_event/","200"
"/feedback/assign_feedback_form","/admin/calendar/getevents","200"
"/feedback/assign_feedback_form","/admin/calendar/view_event/","200"
"/feedback/assign_feedback_form","/admin/language/user_language/","200"
"/feedback/assign_feedback_form","/admin/notification/notification_clear","200"
"/feedback/assign_feedback_form","/admin/notification/notification_read","200"
"/feedback/assign_feedback_form","/admin/subjectgroup/getGroupsubjects","200"
"/feedback/assign_feedback_form","/admin/subjectgroup/getGroupsubjectsBySemesterTypeFeedback","200"
"/feedback/assign_feedback_form","/feedback/add_assigned_feedback","200"
"/feedback/assign_feedback_form","/feedback/delete_assign_feedback/","200"
"/feedback/assign_feedback_form","/feedback/getsectionbyclassid","200"
"/feedback/assign_feedback_form","/feedback/searchnew","200"
"/feedback/assign_feedback_form","/Report/get_betweendate/","200"
"/feedback/feedback_formname_master","/admin/alumni/getevent","200"
"/feedback/feedback_formname_master","/admin/calendar/delete_event/","200"
"/feedback/feedback_formname_master","/admin/calendar/getevents","200"
"/feedback/feedback_formname_master","/admin/calendar/view_event/","200"
"/feedback/feedback_formname_master","/admin/language/user_language/","200"
"/feedback/feedback_formname_master","/admin/notification/notification_clear","200"
"/feedback/feedback_formname_master","/admin/notification/notification_read","200"
"/feedback/feedback_formname_master","/feedback/delete_feedback_listname/","200"
"/feedback/feedback_formname_master","/feedback/feedback_formname_master","200"
"/feedback/feedback_formname_master","/feedback/fetchformwisefields","200"
"/feedback/feedback_formname_master","/Report/get_betweendate/","200"
"/feedback/fill_feedback_form","/admin/alumni/getevent","200"
"/feedback/fill_feedback_form","/admin/calendar/delete_event/","200"
"/feedback/fill_feedback_form","/admin/calendar/getevents","200"
"/feedback/fill_feedback_form","/admin/calendar/view_event/","200"
"/feedback/fill_feedback_form","/admin/language/user_language/","200"
"/feedback/fill_feedback_form","/admin/notification/notification_clear","200"
"/feedback/fill_feedback_form","/admin/notification/notification_read","200"
"/feedback/fill_feedback_form","/Report/get_betweendate/","200"
"/feedback/index","/admin/alumni/getevent","200"
"/feedback/index","/admin/calendar/delete_event/","200"
"/feedback/index","/admin/calendar/getevents","200"
"/feedback/index","/admin/calendar/view_event/","200"
"/feedback/index","/admin/language/user_language/","200"
"/feedback/index","/admin/notification/notification_clear","200"
"/feedback/index","/admin/notification/notification_read","200"
"/feedback/index","/feedback/index","200"
"/feedback/index","/Report/get_betweendate/","200"
"/feedback/showview_feedback_form","/admin/alumni/getevent","200"
"/feedback/showview_feedback_form","/admin/calendar/delete_event/","200"
"/feedback/showview_feedback_form","/admin/calendar/getevents","200"
"/feedback/showview_feedback_form","/admin/calendar/view_event/","200"
"/feedback/showview_feedback_form","/admin/language/user_language/","200"
"/feedback/showview_feedback_form","/admin/notification/notification_clear","200"
"/feedback/showview_feedback_form","/admin/notification/notification_read","200"
"/feedback/showview_feedback_form","/Report/get_betweendate/","200"
"/feedback/submitted_forms","/admin/alumni/getevent","200"
"/feedback/submitted_forms","/admin/calendar/delete_event/","200"
"/feedback/submitted_forms","/admin/calendar/getevents","200"
"/feedback/submitted_forms","/admin/calendar/view_event/","200"
"/feedback/submitted_forms","/admin/language/user_language/","200"
"/feedback/submitted_forms","/admin/notification/notification_clear","200"
"/feedback/submitted_forms","/admin/notification/notification_read","200"
"/feedback/submitted_forms","/Report/get_betweendate/","200"
"/feedbackreport/index","/admin/alumni/getevent","200"
"/feedbackreport/index","/admin/calendar/delete_event/","200"
"/feedbackreport/index","/admin/calendar/getevents","200"
"/feedbackreport/index","/admin/calendar/view_event/","200"
"/feedbackreport/index","/admin/language/user_language/","200"
"/feedbackreport/index","/admin/notification/notification_clear","200"
"/feedbackreport/index","/admin/notification/notification_read","200"
"/feedbackreport/index","/Report/get_betweendate/","200"
"/financereports/finance","/admin/alumni/getevent","200"
"/financereports/finance","/admin/calendar/delete_event/","200"
"/financereports/finance","/admin/calendar/getevents","200"
"/financereports/finance","/admin/calendar/view_event/","200"
"/financereports/finance","/admin/language/user_language/","200"
"/financereports/finance","/admin/notification/notification_clear","200"
"/financereports/finance","/admin/notification/notification_read","200"
"/financereports/finance","/Report/get_betweendate/","200"
"/homework","/admin/alumni/getevent","200"
"/homework","/admin/calendar/delete_event/","200"
"/homework","/admin/calendar/getevents","200"
"/homework","/admin/calendar/view_event/","200"
"/homework","/admin/language/user_language/","200"
"/homework","/admin/notification/notification_clear","200"
"/homework","/admin/notification/notification_read","200"
"/homework","/admin/subjectgroup/getGroupByClassandSection","200"
"/homework","/admin/subjectgroup/getGroupsubjects","200"
"/homework","/homework/add_evaluation","200"
"/homework","/homework/closehomeworklist","200"
"/homework","/homework/deletehomework","200"
"/homework","/homework/dtevaluationlist/","200"
"/homework","/homework/dthomeworklist","200"
"/homework","/homework/edit","200"
"/homework","/homework/evaluation/","200"
"/homework","/homework/geteditRecord","200"
"/homework","/homework/getuploadcriteriadata","200"
"/homework","/homework/homework_docs/","200"
"/homework","/homework/searchvalidation","200"
"/homework","/Report/get_betweendate/","200"
"/homework","/sections/getByClass","200"
"/homework","/uploads/homework/","200"
"/homework/evaluation_report","/admin/alumni/getevent","200"
"/homework/evaluation_report","/admin/calendar/delete_event/","200"
"/homework/evaluation_report","/admin/calendar/getevents","200"
"/homework/evaluation_report","/admin/calendar/view_event/","200"
"/homework/evaluation_report","/admin/language/user_language/","200"
"/homework/evaluation_report","/admin/notification/notification_clear","200"
"/homework/evaluation_report","/admin/notification/notification_read","200"
"/homework/evaluation_report","/admin/subjectgroup/getGroupByClassandSection","200"
"/homework/evaluation_report","/admin/subjectgroup/getGroupsubjects","200"
"/homework/evaluation_report","/homework/evaluation_report","200"
"/homework/evaluation_report","/Report/get_betweendate/","200"
"/homework/evaluation_report","/sections/getByClass","200"
"/onlinecourse/course/index","//onlinecourse/courseassignment/evaluation/","200"
"/onlinecourse/course/index","/admin/alumni/getevent","200"
"/onlinecourse/course/index","/admin/calendar/delete_event/","200"
"/onlinecourse/course/index","/admin/calendar/getevents","200"
"/onlinecourse/course/index","/admin/calendar/view_event/","200"
"/onlinecourse/course/index","/admin/language/user_language/","200"
"/onlinecourse/course/index","/admin/notification/notification_clear","200"
"/onlinecourse/course/index","/admin/notification/notification_read","200"
"/onlinecourse/course/index","/onlinecourse/course/coursedetail","200"
"/onlinecourse/course/index","/onlinecourse/course/coursepreview","200"
"/onlinecourse/course/index","/onlinecourse/course/create","200"
"/onlinecourse/course/index","/onlinecourse/course/getcourselist","200"
"/onlinecourse/course/index","/onlinecourse/course/index","200"
"/onlinecourse/course/index","/onlinecourse/course/publish_unpublish","200"
"/onlinecourse/course/index","/onlinecourse/course/updatecourse","200"
"/onlinecourse/course/index","/onlinecourse/courseassignment/add_course_assignment","200"
"/onlinecourse/course/index","/onlinecourse/courseassignment/add_evaluation/","200"
"/onlinecourse/course/index","/onlinecourse/courseexam/add_course_exam","200"
"/onlinecourse/course/index","/onlinecourse/courseexam/deleteExamQuestions","200"
"/onlinecourse/course/index","/onlinecourse/courseexam/getExamQuestions","200"
"/onlinecourse/course/index","/onlinecourse/courseexam/questionAdd","200"
"/onlinecourse/course/index","/onlinecourse/courseexamquestion/search_question","200"
"/onlinecourse/course/index","/onlinecourse/courselesson/addlesson","200"
"/onlinecourse/course/index","/onlinecourse/courselesson/editlesson","200"
"/onlinecourse/course/index","/onlinecourse/courselesson/get_lesson_attachment","200"
"/onlinecourse/course/index","/onlinecourse/coursequiz/add","200"
"/onlinecourse/course/index","/onlinecourse/coursequiz/addnewquestion","200"
"/onlinecourse/course/index","/onlinecourse/coursequiz/edit","200"
"/onlinecourse/course/index","/onlinecourse/coursequiz/editnewquestion","200"
"/onlinecourse/course/index","/onlinecourse/coursesection/addsection/","200"
"/onlinecourse/course/index","/onlinecourse/coursesection/editsection","200"
"/onlinecourse/course/index","/Report/get_betweendate/","200"
"/onlinecourse/course/index","/sections/getByClass","200"
"/onlinecourse/course/setting","/admin/alumni/getevent","200"
"/onlinecourse/course/setting","/admin/calendar/delete_event/","200"
"/onlinecourse/course/setting","/admin/calendar/getevents","200"
"/onlinecourse/course/setting","/admin/calendar/view_event/","200"
"/onlinecourse/course/setting","/admin/language/user_language/","200"
"/onlinecourse/course/setting","/admin/notification/notification_clear","200"
"/onlinecourse/course/setting","/admin/notification/notification_read","200"
"/onlinecourse/course/setting","/onlinecourse/course/savesetting","200"
"/onlinecourse/course/setting","/onlinecourse/course/setting","200"
"/onlinecourse/course/setting","/Report/get_betweendate/","200"
"/onlinecourse/coursecategory/categoryadd","/admin/alumni/getevent","200"
"/onlinecourse/coursecategory/categoryadd","/admin/calendar/delete_event/","200"
"/onlinecourse/coursecategory/categoryadd","/admin/calendar/getevents","200"
"/onlinecourse/coursecategory/categoryadd","/admin/calendar/view_event/","200"
"/onlinecourse/coursecategory/categoryadd","/admin/language/user_language/","200"
"/onlinecourse/coursecategory/categoryadd","/admin/notification/notification_clear","200"
"/onlinecourse/coursecategory/categoryadd","/admin/notification/notification_read","200"
"/onlinecourse/coursecategory/categoryadd","/onlinecourse/coursecategory/categoryadd","200"
"/onlinecourse/coursecategory/categoryadd","/Report/get_betweendate/","200"
"/onlinecourse/courseexamquestion/index","/admin/alumni/getevent","200"
"/onlinecourse/courseexamquestion/index","/admin/calendar/delete_event/","200"
"/onlinecourse/courseexamquestion/index","/admin/calendar/getevents","200"
"/onlinecourse/courseexamquestion/index","/admin/calendar/view_event/","200"
"/onlinecourse/courseexamquestion/index","/admin/language/user_language/","200"
"/onlinecourse/courseexamquestion/index","/admin/notification/notification_clear","200"
"/onlinecourse/courseexamquestion/index","/admin/notification/notification_read","200"
"/onlinecourse/courseexamquestion/index","/onlinecourse/courseexamquestion/add","200"
"/onlinecourse/courseexamquestion/index","/onlinecourse/courseexamquestion/addform","200"
"/onlinecourse/courseexamquestion/index","/onlinecourse/courseexamquestion/bulkdelete","200"
"/onlinecourse/courseexamquestion/index","/onlinecourse/courseexamquestion/editform","200"
"/onlinecourse/courseexamquestion/index","/onlinecourse/courseexamquestion/getDatatable","200"
"/onlinecourse/courseexamquestion/index","/onlinecourse/courseexamquestion/getimages","200"
"/onlinecourse/courseexamquestion/index","/onlinecourse/courseexamquestion/questionsearchvalidation","200"
"/onlinecourse/courseexamquestion/index","/onlinecourse/courseexamquestion/uploadfile","200"
"/onlinecourse/courseexamquestion/index","/Report/get_betweendate/","200"
"/onlinecourse/coursereport/report","/admin/alumni/getevent","200"
"/onlinecourse/coursereport/report","/admin/calendar/delete_event/","200"
"/onlinecourse/coursereport/report","/admin/calendar/getevents","200"
"/onlinecourse/coursereport/report","/admin/calendar/view_event/","200"
"/onlinecourse/coursereport/report","/admin/language/user_language/","200"
"/onlinecourse/coursereport/report","/admin/notification/notification_clear","200"
"/onlinecourse/coursereport/report","/admin/notification/notification_read","200"
"/onlinecourse/coursereport/report","/Report/get_betweendate/","200"
"/onlinecourse/offlinepayment/payment","/admin/alumni/getevent","200"
"/onlinecourse/offlinepayment/payment","/admin/calendar/delete_event/","200"
"/onlinecourse/offlinepayment/payment","/admin/calendar/getevents","200"
"/onlinecourse/offlinepayment/payment","/admin/calendar/view_event/","200"
"/onlinecourse/offlinepayment/payment","/admin/language/user_language/","200"
"/onlinecourse/offlinepayment/payment","/admin/notification/notification_clear","200"
"/onlinecourse/offlinepayment/payment","/admin/notification/notification_read","200"
"/onlinecourse/offlinepayment/payment","/onlinecourse/offlinepayment/checkvalidation","200"
"/onlinecourse/offlinepayment/payment","/onlinecourse/offlinepayment/courselist","200"
"/onlinecourse/offlinepayment/payment","/onlinecourse/offlinepayment/paid","200"
"/onlinecourse/offlinepayment/payment","/onlinecourse/offlinepayment/print","200"
"/onlinecourse/offlinepayment/payment","/onlinecourse/offlinepayment/revert","200"
"/onlinecourse/offlinepayment/payment","/onlinecourse/offlinepayment/search","200"
"/onlinecourse/offlinepayment/payment","/onlinecourse/offlinepayment/studentlist","200"
"/onlinecourse/offlinepayment/payment","/onlinecourse/offlinepayment/success","200"
"/onlinecourse/offlinepayment/payment","/Report/get_betweendate/","200"
"/onlinecourse/offlinepayment/payment","/sections/getByClass","200"
"/outcome_basis_education/index","/admin/alumni/getevent","200"
"/outcome_basis_education/index","/admin/calendar/delete_event/","200"
"/outcome_basis_education/index","/admin/calendar/getevents","200"
"/outcome_basis_education/index","/admin/calendar/view_event/","200"
"/outcome_basis_education/index","/admin/copo/getsubjectByExamgroup","200"
"/outcome_basis_education/index","/admin/examgroup/getClassByExamgroup","200"
"/outcome_basis_education/index","/admin/examgroup/subjectwise_uploadfile","200"
"/outcome_basis_education/index","/admin/language/user_language/","200"
"/outcome_basis_education/index","/admin/notification/notification_clear","200"
"/outcome_basis_education/index","/admin/notification/notification_read","200"
"/outcome_basis_education/index","/outcome_basis_education/assessment_tool_co_pdf","200"
"/outcome_basis_education/index","/outcome_basis_education/index","200"
"/outcome_basis_education/index","/outcome_basis_education/save_co_assessment_attainment","200"
"/outcome_basis_education/index","/Report/get_betweendate/","200"
"/outcome_basis_education/index","/sections/getByClass","200"
"/Programintake","/admin/alumni/getevent","200"
"/Programintake","/admin/calendar/delete_event/","200"
"/Programintake","/admin/calendar/getevents","200"
"/Programintake","/admin/calendar/view_event/","200"
"/Programintake","/admin/language/user_language/","200"
"/Programintake","/admin/notification/notification_clear","200"
"/Programintake","/admin/notification/notification_read","200"
"/Programintake","/admin/onlineadmission/getSpecializationByProgram","200"
"/Programintake","/Classes/getByProgram","200"
"/Programintake","/department/getCoursesByDepartment","200"
"/Programintake","/Programintake","200"
"/Programintake","/Report/get_betweendate/","200"
"/Programintake","/sections/getByClass","200"
"/railway_concession/index","/admin/alumni/getevent","200"
"/railway_concession/index","/admin/calendar/delete_event/","200"
"/railway_concession/index","/admin/calendar/getevents","200"
"/railway_concession/index","/admin/calendar/view_event/","200"
"/railway_concession/index","/admin/language/user_language/","200"
"/railway_concession/index","/admin/notification/notification_clear","200"
"/railway_concession/index","/admin/notification/notification_read","200"
"/railway_concession/index","/railway_concession/add_concession","200"
"/railway_concession/index","/railway_concession/delete_concession","200"
"/railway_concession/index","/railway_concession/fetch_student_details","200"
"/railway_concession/index","/railway_concession/get_concession","200"
"/railway_concession/index","/railway_concession/getConcessionList","200"
"/railway_concession/index","/Report/get_betweendate/","200"
"/report/alumnireport","/admin/alumni/add","200"
"/report/alumnireport","/admin/alumni/deletestudent/","200"
"/report/alumnireport","/admin/alumni/get_alumnidetails","200"
"/report/alumnireport","/admin/alumni/getevent","200"
"/report/alumnireport","/admin/calendar/delete_event/","200"
"/report/alumnireport","/admin/calendar/getevents","200"
"/report/alumnireport","/admin/calendar/view_event/","200"
"/report/alumnireport","/admin/language/user_language/","200"
"/report/alumnireport","/admin/notification/notification_clear","200"
"/report/alumnireport","/admin/notification/notification_read","200"
"/report/alumnireport","/report/alumnireport","200"
"/report/alumnireport","/Report/get_betweendate/","200"
"/report/alumnireport","/sections/getByClass","200"
"/report/flowmaster_report","/admin/alumni/getevent","200"
"/report/flowmaster_report","/admin/calendar/delete_event/","200"
"/report/flowmaster_report","/admin/calendar/getevents","200"
"/report/flowmaster_report","/admin/calendar/view_event/","200"
"/report/flowmaster_report","/admin/language/user_language/","200"
"/report/flowmaster_report","/admin/notification/notification_clear","200"
"/report/flowmaster_report","/admin/notification/notification_read","200"
"/report/flowmaster_report","/Report/get_betweendate/","200"
"/report/human_resource","/admin/alumni/getevent","200"
"/report/human_resource","/admin/calendar/delete_event/","200"
"/report/human_resource","/admin/calendar/getevents","200"
"/report/human_resource","/admin/calendar/view_event/","200"
"/report/human_resource","/admin/language/user_language/","200"
"/report/human_resource","/admin/notification/notification_clear","200"
"/report/human_resource","/admin/notification/notification_read","200"
"/report/human_resource","/Report/get_betweendate/","200"
"/report/inventory","/admin/alumni/getevent","200"
"/report/inventory","/admin/calendar/delete_event/","200"
"/report/inventory","/admin/calendar/getevents","200"
"/report/inventory","/admin/calendar/view_event/","200"
"/report/inventory","/admin/language/user_language/","200"
"/report/inventory","/admin/notification/notification_clear","200"
"/report/inventory","/admin/notification/notification_read","200"
"/report/inventory","/Report/get_betweendate/","200"
"/report/inward_report","/admin/alumni/getevent","200"
"/report/inward_report","/admin/calendar/delete_event/","200"
"/report/inward_report","/admin/calendar/getevents","200"
"/report/inward_report","/admin/calendar/view_event/","200"
"/report/inward_report","/admin/language/user_language/","200"
"/report/inward_report","/admin/notification/notification_clear","200"
"/report/inward_report","/admin/notification/notification_read","200"
"/report/inward_report","/Report/get_betweendate/","200"
"/report/inward_report","/report/inward_report","200"
"/report/inward_report","/student/dtstudentlist","200"
"/report/lesson_plan","/admin/alumni/getevent","200"
"/report/lesson_plan","/admin/calendar/delete_event/","200"
"/report/lesson_plan","/admin/calendar/getevents","200"
"/report/lesson_plan","/admin/calendar/view_event/","200"
"/report/lesson_plan","/admin/language/user_language/","200"
"/report/lesson_plan","/admin/notification/notification_clear","200"
"/report/lesson_plan","/admin/notification/notification_read","200"
"/report/lesson_plan","/admin/subjectgroup/getGroupByClassandSection","200"
"/report/lesson_plan","/admin/subjectgroup/getGroupsubjects","200"
"/report/lesson_plan","/Report/get_betweendate/","200"
"/report/lesson_plan","/report/lesson_plan/","200"
"/report/lesson_plan","/sections/getByClass","200"
"/report/library","/admin/alumni/getevent","200"
"/report/library","/admin/calendar/delete_event/","200"
"/report/library","/admin/calendar/getevents","200"
"/report/library","/admin/calendar/view_event/","200"
"/report/library","/admin/language/user_language/","200"
"/report/library","/admin/notification/notification_clear","200"
"/report/library","/admin/notification/notification_read","200"
"/report/library","/Report/get_betweendate/","200"
"/report/outward_report","/admin/alumni/getevent","200"
"/report/outward_report","/admin/calendar/delete_event/","200"
"/report/outward_report","/admin/calendar/getevents","200"
"/report/outward_report","/admin/calendar/view_event/","200"
"/report/outward_report","/admin/language/user_language/","200"
"/report/outward_report","/admin/notification/notification_clear","200"
"/report/outward_report","/admin/notification/notification_read","200"
"/report/outward_report","/Report/get_betweendate/","200"
"/report/railway_concession_report","/admin/alumni/getevent","200"
"/report/railway_concession_report","/admin/calendar/delete_event/","200"
"/report/railway_concession_report","/admin/calendar/getevents","200"
"/report/railway_concession_report","/admin/calendar/view_event/","200"
"/report/railway_concession_report","/admin/language/user_language/","200"
"/report/railway_concession_report","/admin/notification/notification_clear","200"
"/report/railway_concession_report","/admin/notification/notification_read","200"
"/report/railway_concession_report","/Report/get_betweendate/","200"
"/report/railway_concession_report","/report/railway_concession_report","200"
"/report/setFrontOfficeReport","/admin/alumni/getevent","200"
"/report/setFrontOfficeReport","/admin/calendar/delete_event/","200"
"/report/setFrontOfficeReport","/admin/calendar/getevents","200"
"/report/setFrontOfficeReport","/admin/calendar/view_event/","200"
"/report/setFrontOfficeReport","/admin/language/user_language/","200"
"/report/setFrontOfficeReport","/admin/notification/notification_clear","200"
"/report/setFrontOfficeReport","/admin/notification/notification_read","200"
"/report/setFrontOfficeReport","/Report/get_betweendate/","200"
"/report/studentinformation","/admin/alumni/getevent","200"
"/report/studentinformation","/admin/calendar/delete_event/","200"
"/report/studentinformation","/admin/calendar/getevents","200"
"/report/studentinformation","/admin/calendar/view_event/","200"
"/report/studentinformation","/admin/language/user_language/","200"
"/report/studentinformation","/admin/notification/notification_clear","200"
"/report/studentinformation","/admin/notification/notification_read","200"
"/report/studentinformation","/Report/get_betweendate/","200"
"/report/teacherachievement_report","/admin/alumni/getevent","200"
"/report/teacherachievement_report","/admin/calendar/delete_event/","200"
"/report/teacherachievement_report","/admin/calendar/getevents","200"
"/report/teacherachievement_report","/admin/calendar/view_event/","200"
"/report/teacherachievement_report","/admin/language/user_language/","200"
"/report/teacherachievement_report","/admin/notification/notification_clear","200"
"/report/teacherachievement_report","/admin/notification/notification_read","200"
"/report/teacherachievement_report","/Report/get_betweendate/","200"
"/report/teacherachievement_report","/report/teacherachievement_report","200"
"/report/teacheraward_report","/admin/alumni/getevent","200"
"/report/teacheraward_report","/admin/calendar/delete_event/","200"
"/report/teacheraward_report","/admin/calendar/getevents","200"
"/report/teacheraward_report","/admin/calendar/view_event/","200"
"/report/teacheraward_report","/admin/language/user_language/","200"
"/report/teacheraward_report","/admin/notification/notification_clear","200"
"/report/teacheraward_report","/admin/notification/notification_read","200"
"/report/teacheraward_report","/Report/get_betweendate/","200"
"/report/teacheraward_report","/report/teacherachievement_report","200"
"/report/teacheraward_report","/report/teacheraward_report","200"
"/roombooking/roombook","/admin/alumni/getevent","200"
"/roombooking/roombook","/admin/calendar/delete_event/","200"
"/roombooking/roombook","/admin/calendar/getevents","200"
"/roombooking/roombook","/admin/calendar/view_event/","200"
"/roombooking/roombook","/admin/language/user_language/","200"
"/roombooking/roombook","/admin/notification/notification_clear","200"
"/roombooking/roombook","/admin/notification/notification_read","200"
"/roombooking/roombook","/Report/get_betweendate/","200"
"/roombooking/roombook","/roombooking/Roombook/checkBookedvalidation","200"
"/roombooking/roombook","/roombooking/Roombook/delete","200"
"/roombooking/roombook","/roombooking/Roombook/getdata","200"
"/roombooking/roombook","/roombooking/Roombook/load","200"
"/roombooking/roombook","/roombooking/Roombook/save_room","200"
"/roombooking/roombook","/roombooking/Roombook/update","200"
"/roombooking/roombook","/sections/getByClass","200"
"/roombooking/roombook/roombookrequest","/addrequest","200"
"/roombooking/roombook/roombookrequest","/admin/alumni/getevent","200"
"/roombooking/roombook/roombookrequest","/admin/calendar/delete_event/","200"
"/roombooking/roombook/roombookrequest","/admin/calendar/getevents","200"
"/roombooking/roombook/roombookrequest","/admin/calendar/view_event/","200"
"/roombooking/roombook/roombookrequest","/admin/language/user_language/","200"
"/roombooking/roombook/roombookrequest","/admin/notification/notification_clear","200"
"/roombooking/roombook/roombookrequest","/admin/notification/notification_read","200"
"/roombooking/roombook/roombookrequest","/Report/get_betweendate/","200"
"/roombooking/roombook/roombookrequest","/roombooking/Roombook/checkBookedvalidation","200"
"/roombooking/roombook/roombookrequest","/roombooking/Roombook/delete","200"
"/roombooking/roombook/roombookrequest","/roombooking/Roombook/getdata","200"
"/roombooking/roombook/roombookrequest","/roombooking/Roombook/load","200"
"/roombooking/roombook/roombookrequest","/roombooking/Roombook/save_room_request","200"
"/roombooking/roombook/roombookrequest","/roombooking/Roombook/update","200"
"/roombooking/roombook/roombookrequest","/sections/getByClass","200"
"/roombooking/roombook/roombookrequestlist","/admin/alumni/getevent","200"
"/roombooking/roombook/roombookrequestlist","/admin/calendar/delete_event/","200"
"/roombooking/roombook/roombookrequestlist","/admin/calendar/getevents","200"
"/roombooking/roombook/roombookrequestlist","/admin/calendar/view_event/","200"
"/roombooking/roombook/roombookrequestlist","/admin/language/user_language/","200"
"/roombooking/roombook/roombookrequestlist","/admin/notification/notification_clear","200"
"/roombooking/roombook/roombookrequestlist","/admin/notification/notification_read","200"
"/roombooking/roombook/roombookrequestlist","/Report/get_betweendate/","200"
"/roombooking/roombook/roombookrequestlist","/roombooking/roombook/approve","200"
"/roombooking/roombook/roombookrequestlist","/roombooking/roombook/bulkApprove","200"
"/roombooking/roombook/roombookrequestlist","/roombooking/roombook/cancel","200"
"/roombooking/roombook/roombookrequestlist","/roombooking/roombook/checkBookedvalidation","200"
"/roombooking/roombook/roombookrequestlist","/roombooking/roombook/getrromrequestData","200"
"/roombooking/roombook/roombookrequestlist","/roombooking/roombook/reject","200"
"/roombooking/roombook/roombookrequestlist","/roombooking/roombook/roombookrequestlist","200"
"/schsettings","/admin/alumni/getevent","200"
"/schsettings","/admin/calendar/delete_event/","200"
"/schsettings","/admin/calendar/getevents","200"
"/schsettings","/admin/calendar/view_event/","200"
"/schsettings","/admin/language/user_language/","200"
"/schsettings","/admin/notification/notification_clear","200"
"/schsettings","/admin/notification/notification_read","200"
"/schsettings","/Report/get_betweendate/","200"
"/schsettings","/schsettings/generalsetting","200"
"/seating_arrangement/assign_block","/admin/alumni/getevent","200"
"/seating_arrangement/assign_block","/admin/calendar/delete_event/","200"
"/seating_arrangement/assign_block","/admin/calendar/getevents","200"
"/seating_arrangement/assign_block","/admin/calendar/view_event/","200"
"/seating_arrangement/assign_block","/admin/examgroup/getExamByExamgroup","200"
"/seating_arrangement/assign_block","/admin/language/user_language/","200"
"/seating_arrangement/assign_block","/admin/notification/notification_clear","200"
"/seating_arrangement/assign_block","/admin/notification/notification_read","200"
"/seating_arrangement/assign_block","/Report/get_betweendate/","200"
"/seating_arrangement/assign_block","/seating_arrangement/assign_block","200"
"/seating_arrangement/assign_block","/seating_arrangement/assign_block_save","200"
"/seating_arrangement/assign_block","/seating_arrangement/create_block_number/","200"
"/seating_arrangement/assign_block","/seating_arrangement/delete_seatarrangement","200"
"/seating_arrangement/assign_block","/seating_arrangement/getSubjectsFromExam","200"
"/seating_arrangement/index","/admin/alumni/getevent","200"
"/seating_arrangement/index","/admin/calendar/delete_event/","200"
"/seating_arrangement/index","/admin/calendar/getevents","200"
"/seating_arrangement/index","/admin/calendar/view_event/","200"
"/seating_arrangement/index","/admin/examgroup/getExamByExamgroup","200"
"/seating_arrangement/index","/admin/language/user_language/","200"
"/seating_arrangement/index","/admin/notification/notification_clear","200"
"/seating_arrangement/index","/admin/notification/notification_read","200"
"/seating_arrangement/index","/Report/get_betweendate/","200"
"/seating_arrangement/index","/seating_arrangement","200"
"/seating_arrangement/index","/seating_arrangement/index","200"
"/seating_arrangement/index","/seating_arrangement/searchexamseatnumbers/","200"
"/seating_arrangement/index","/seating_arrangement/subjectexamsave","200"
"/seating_arrangement/report","/admin/alumni/getevent","200"
"/seating_arrangement/report","/admin/calendar/delete_event/","200"
"/seating_arrangement/report","/admin/calendar/getevents","200"
"/seating_arrangement/report","/admin/calendar/view_event/","200"
"/seating_arrangement/report","/admin/language/user_language/","200"
"/seating_arrangement/report","/admin/notification/notification_clear","200"
"/seating_arrangement/report","/admin/notification/notification_read","200"
"/seating_arrangement/report","/Report/get_betweendate/","200"
"/sections","/admin/alumni/getevent","200"
"/sections","/admin/calendar/delete_event/","200"
"/sections","/admin/calendar/getevents","200"
"/sections","/admin/calendar/view_event/","200"
"/sections","/admin/language/user_language/","200"
"/sections","/admin/notification/notification_clear","200"
"/sections","/admin/notification/notification_read","200"
"/sections","/Report/get_betweendate/","200"
"/sections","/sections","200"
"/sectionwise_specialization","/admin/alumni/getevent","200"
"/sectionwise_specialization","/admin/calendar/delete_event/","200"
"/sectionwise_specialization","/admin/calendar/getevents","200"
"/sectionwise_specialization","/admin/calendar/view_event/","200"
"/sectionwise_specialization","/admin/language/user_language/","200"
"/sectionwise_specialization","/admin/notification/notification_clear","200"
"/sectionwise_specialization","/admin/notification/notification_read","200"
"/sectionwise_specialization","/Report/get_betweendate/","200"
"/sectionwise_specialization","/sectionwise_specialization","200"
"/sectionwise_specialization/assign_program","/admin/alumni/getevent","200"
"/sectionwise_specialization/assign_program","/admin/calendar/delete_event/","200"
"/sectionwise_specialization/assign_program","/admin/calendar/getevents","200"
"/sectionwise_specialization/assign_program","/admin/calendar/view_event/","200"
"/sectionwise_specialization/assign_program","/admin/language/user_language/","200"
"/sectionwise_specialization/assign_program","/admin/notification/notification_clear","200"
"/sectionwise_specialization/assign_program","/admin/notification/notification_read","200"
"/sectionwise_specialization/assign_program","/Report/get_betweendate/","200"
"/sectionwise_specialization/assign_program","/sectionwise_specialization/assign_program/","200"
"/sessions","/admin/alumni/getevent","200"
"/sessions","/admin/calendar/delete_event/","200"
"/sessions","/admin/calendar/getevents","200"
"/sessions","/admin/calendar/view_event/","200"
"/sessions","/admin/language/user_language/","200"
"/sessions","/admin/notification/notification_clear","200"
"/sessions","/admin/notification/notification_read","200"
"/sessions","/Report/get_betweendate/","200"
"/sessions","/sessions/create","200"
"/smsconfig","/admin/alumni/getevent","200"
"/smsconfig","/admin/calendar/delete_event/","200"
"/smsconfig","/admin/calendar/getevents","200"
"/smsconfig","/admin/calendar/view_event/","200"
"/smsconfig","/admin/language/user_language/","200"
"/smsconfig","/admin/mailsms/test_sms","200"
"/smsconfig","/admin/notification/notification_clear","200"
"/smsconfig","/admin/notification/notification_read","200"
"/smsconfig","/emailconfig/test_mail","200"
"/smsconfig","/Report/get_betweendate/","200"
"/smsconfig","/smsconfig/mponline","200"
"/staffpayrollreports/staff_payroll","/admin/alumni/getevent","200"
"/staffpayrollreports/staff_payroll","/admin/calendar/delete_event/","200"
"/staffpayrollreports/staff_payroll","/admin/calendar/getevents","200"
"/staffpayrollreports/staff_payroll","/admin/calendar/view_event/","200"
"/staffpayrollreports/staff_payroll","/admin/language/user_language/","200"
"/staffpayrollreports/staff_payroll","/admin/notification/notification_clear","200"
"/staffpayrollreports/staff_payroll","/admin/notification/notification_read","200"
"/staffpayrollreports/staff_payroll","/Report/get_betweendate/","200"
"/stdscholarship","/admin/alumni/getevent","200"
"/stdscholarship","/admin/calendar/delete_event/","200"
"/stdscholarship","/admin/calendar/getevents","200"
"/stdscholarship","/admin/calendar/view_event/","200"
"/stdscholarship","/admin/language/user_language/","200"
"/stdscholarship","/admin/notification/notification_clear","200"
"/stdscholarship","/admin/notification/notification_read","200"
"/stdscholarship","/Report/get_betweendate/","200"
"/stdscholarship","/sections/getByClass","200"
"/stdscholarship","/stdscholarship/ajax_updatescholrno","200"
"/stdscholarship","/stdscholarship/markstd_scholarshipflaged","200"
"/stdscholarship","/stdscholarship/search","200"
"/stdscholarship","/stdscholarship/stdajaxSearch","200"
"/student/approve_optional_course","/admin/alumni/getevent","200"
"/student/approve_optional_course","/admin/calendar/delete_event/","200"
"/student/approve_optional_course","/admin/calendar/getevents","200"
"/student/approve_optional_course","/admin/calendar/view_event/","200"
"/student/approve_optional_course","/admin/language/user_language/","200"
"/student/approve_optional_course","/admin/notification/notification_clear","200"
"/student/approve_optional_course","/admin/notification/notification_read","200"
"/student/approve_optional_course","/admin/subjectgroup/getSemByClassandSection","200"
"/student/approve_optional_course","/Report/get_betweendate/","200"
"/student/approve_optional_course","/sections/getByClass","200"
"/student/approve_optional_course","/student/approve_optional_course","200"
"/student/approve_optional_course","/student/bulkapprove_selected_students","200"
"/student/approve_optional_course","/student/save_approveSubject_request","200"
"/student/assign_optional_course","/admin/alumni/getevent","200"
"/student/assign_optional_course","/admin/calendar/delete_event/","200"
"/student/assign_optional_course","/admin/calendar/getevents","200"
"/student/assign_optional_course","/admin/calendar/view_event/","200"
"/student/assign_optional_course","/admin/language/user_language/","200"
"/student/assign_optional_course","/admin/notification/notification_clear","200"
"/student/assign_optional_course","/admin/notification/notification_read","200"
"/student/assign_optional_course","/admin/subjectgroup/getSemByClassandSection","200"
"/student/assign_optional_course","/Report/get_betweendate/","200"
"/student/assign_optional_course","/sections/getByClass","200"
"/student/assign_optional_course","/student/assign_optional_course","200"
"/student/assign_optional_course","/student/check_subject_exam_assignment","200"
"/student/assign_seat_number","/admin/alumni/getevent","200"
"/student/assign_seat_number","/admin/calendar/delete_event/","200"
"/student/assign_seat_number","/admin/calendar/getevents","200"
"/student/assign_seat_number","/admin/calendar/view_event/","200"
"/student/assign_seat_number","/admin/examgroup/getExamByExamGroupCurrentSession","200"
"/student/assign_seat_number","/admin/language/user_language/","200"
"/student/assign_seat_number","/admin/notification/notification_clear","200"
"/student/assign_seat_number","/admin/notification/notification_read","200"
"/student/assign_seat_number","/Report/get_betweendate/","200"
"/student/assign_seat_number","/sections/getByClass","200"
"/student/assign_seat_number","/student/assign_seat_number","200"
"/student/assign_seat_number","/student/assign_seat_studentlist","200"
"/student/assign_seat_number","/student/getexamseatnocount","200"
"/student/bulkdelete","/admin/alumni/getevent","200"
"/student/bulkdelete","/admin/calendar/delete_event/","200"
"/student/bulkdelete","/admin/calendar/getevents","200"
"/student/bulkdelete","/admin/calendar/view_event/","200"
"/student/bulkdelete","/admin/language/user_language/","200"
"/student/bulkdelete","/admin/notification/notification_clear","200"
"/student/bulkdelete","/admin/notification/notification_read","200"
"/student/bulkdelete","/Report/get_betweendate/","200"
"/student/bulkdelete","/sections/getByClass","200"
"/student/bulkdelete","/student/ajax_delete","200"
"/student/bulkdelete","/student/bulkdelete","200"
"/student/bulkmail","/admin/alumni/getevent","200"
"/student/bulkmail","/admin/calendar/delete_event/","200"
"/student/bulkmail","/admin/calendar/getevents","200"
"/student/bulkmail","/admin/calendar/view_event/","200"
"/student/bulkmail","/admin/language/user_language/","200"
"/student/bulkmail","/admin/notification/notification_clear","200"
"/student/bulkmail","/admin/notification/notification_read","200"
"/student/bulkmail","/Report/get_betweendate/","200"
"/student/bulkmail","/sections/getByClass","200"
"/student/bulkmail","/student/bulkmail","200"
"/student/bulkmail","/student/sendbulkmail","200"
"/student/bulkupdate","/admin/alumni/getevent","200"
"/student/bulkupdate","/admin/calendar/delete_event/","200"
"/student/bulkupdate","/admin/calendar/getevents","200"
"/student/bulkupdate","/admin/calendar/view_event/","200"
"/student/bulkupdate","/admin/language/user_language/","200"
"/student/bulkupdate","/admin/notification/notification_clear","200"
"/student/bulkupdate","/admin/notification/notification_read","200"
"/student/bulkupdate","/Report/get_betweendate/","200"
"/student/bulkupdate","/sections/getByClass","200"
"/student/bulkupdate","/student/ajax_update","200"
"/student/bulkupdate","/student/bulkupdate","200"
"/student/bulkupdate","/student/get_updatedData","200"
"/student/bulkupdate","/student/getBycategory","200"
"/student/bulkupdate","/student/save_row_data","200"
"/student/bulkupdate","/student/save_row_data_student","200"
"/student/bulkupdate","/student/save_updatedData","200"
"/student/create","/admin/alumni/getevent","200"
"/student/create","/admin/calendar/delete_event/","200"
"/student/create","/admin/calendar/getevents","200"
"/student/create","/admin/calendar/view_event/","200"
"/student/create","/admin/currency/getAmountFormat","200"
"/student/create","/admin/hostelroom/getRoom","200"
"/student/create","/admin/language/user_language/","200"
"/student/create","/admin/notification/notification_clear","200"
"/student/create","/admin/notification/notification_read","200"
"/student/create","/admin/pickuppoint/get_pickupdropdownlist","200"
"/student/create","/Report/get_betweendate/","200"
"/student/create","/sections/getByClass","200"
"/student/create","/sectionwise_specialization/getspecializationBysectionid","200"
"/student/create","/student/create","200"
"/student/create","/student/getByClassAndSection","200"
"/student/create","/student/getStudentRecordByID","200"
"/student/disablestudentslist","/admin/alumni/getevent","200"
"/student/disablestudentslist","/admin/calendar/delete_event/","200"
"/student/disablestudentslist","/admin/calendar/getevents","200"
"/student/disablestudentslist","/admin/calendar/view_event/","200"
"/student/disablestudentslist","/admin/language/user_language/","200"
"/student/disablestudentslist","/admin/notification/notification_clear","200"
"/student/disablestudentslist","/admin/notification/notification_read","200"
"/student/disablestudentslist","/classes/getByProgram","200"
"/student/disablestudentslist","/classes/getSpecializationByClass","200"
"/student/disablestudentslist","/department/getCoursesByDepartment","200"
"/student/disablestudentslist","/Report/get_betweendate/","200"
"/student/disablestudentslist","/sections/getByClass","200"
"/student/disablestudentslist","/student/disablestudentslist","200"
"/student/generaterollnumber","/admin/alumni/getevent","200"
"/student/generaterollnumber","/admin/calendar/delete_event/","200"
"/student/generaterollnumber","/admin/calendar/getevents","200"
"/student/generaterollnumber","/admin/calendar/view_event/","200"
"/student/generaterollnumber","/admin/language/user_language/","200"
"/student/generaterollnumber","/admin/notification/notification_clear","200"
"/student/generaterollnumber","/admin/notification/notification_read","200"
"/student/generaterollnumber","/classes/getSpecializationByClass","200"
"/student/generaterollnumber","/Report/get_betweendate/","200"
"/student/generaterollnumber","/sections/getByClass","200"
"/student/generaterollnumber","/student/generaterollnumber","200"
"/student/generaterollnumber","/student/getMaxRollNumber","200"
"/student/multiclass","/admin/alumni/getevent","200"
"/student/multiclass","/admin/calendar/delete_event/","200"
"/student/multiclass","/admin/calendar/getevents","200"
"/student/multiclass","/admin/calendar/view_event/","200"
"/student/multiclass","/admin/language/user_language/","200"
"/student/multiclass","/admin/notification/notification_clear","200"
"/student/multiclass","/admin/notification/notification_read","200"
"/student/multiclass","/Report/get_betweendate/","200"
"/student/multiclass","/sections/getByClass","200"
"/student/multiclass","/student/multiclass","200"
"/student/profilesetting","/admin/alumni/getevent","200"
"/student/profilesetting","/admin/calendar/delete_event/","200"
"/student/profilesetting","/admin/calendar/getevents","200"
"/student/profilesetting","/admin/calendar/view_event/","200"
"/student/profilesetting","/admin/language/user_language/","200"
"/student/profilesetting","/admin/notification/notification_clear","200"
"/student/profilesetting","/admin/notification/notification_read","200"
"/student/profilesetting","/Report/get_betweendate/","200"
"/student/profilesetting","/student/changeprofilesetting","200"
"/student/profilesetting","/student/profilesetting","200"
"/student/search","/admin/alumni/getevent","200"
"/student/search","/admin/calendar/delete_event/","200"
"/student/search","/admin/calendar/getevents","200"
"/student/search","/admin/calendar/view_event/","200"
"/student/search","/admin/language/user_language/","200"
"/student/search","/admin/notification/notification_clear","200"
"/student/search","/admin/notification/notification_read","200"
"/student/search","/classes/getByProgram","200"
"/student/search","/classes/getSpecializationByClass","200"
"/student/search","/department/getCoursesByDepartment","200"
"/student/search","/Report/get_betweendate/","200"
"/student/search","/sections/getByClass","200"
"/student/search","/student/searchvalidation","200"
"/student/search","/student/student_document_verify","200"
"/student/semester_allocation","/admin/alumni/getevent","200"
"/student/semester_allocation","/admin/calendar/delete_event/","200"
"/student/semester_allocation","/admin/calendar/getevents","200"
"/student/semester_allocation","/admin/calendar/view_event/","200"
"/student/semester_allocation","/admin/language/user_language/","200"
"/student/semester_allocation","/admin/notification/notification_clear","200"
"/student/semester_allocation","/admin/notification/notification_read","200"
"/student/semester_allocation","/classes/getByProgram","200"
"/student/semester_allocation","/department/getCoursesByDepartment","200"
"/student/semester_allocation","/Report/get_betweendate/","200"
"/student/semester_allocation","/student/getGroupsubjects","200"
"/student/student_bulk_upload","/admin/alumni/getevent","200"
"/student/student_bulk_upload","/admin/calendar/delete_event/","200"
"/student/student_bulk_upload","/admin/calendar/getevents","200"
"/student/student_bulk_upload","/admin/calendar/view_event/","200"
"/student/student_bulk_upload","/admin/language/user_language/","200"
"/student/student_bulk_upload","/admin/notification/notification_clear","200"
"/student/student_bulk_upload","/admin/notification/notification_read","200"
"/student/student_bulk_upload","/Report/get_betweendate/","200"
"/student/student_bulk_upload","/student/student_bulk_upload","200"
"/student/student_dashboard","/admin/alumni/getevent","200"
"/student/student_dashboard","/admin/calendar/delete_event/","200"
"/student/student_dashboard","/admin/calendar/getevents","200"
"/student/student_dashboard","/admin/calendar/view_event/","200"
"/student/student_dashboard","/admin/language/user_language/","200"
"/student/student_dashboard","/admin/notification/notification_clear","200"
"/student/student_dashboard","/admin/notification/notification_read","200"
"/student/student_dashboard","/classes/getByProgram","200"
"/student/student_dashboard","/department/getCoursesByDepartment","200"
"/student/student_dashboard","/Report/get_betweendate/","200"
"/student/student_dashboard","/student/student_dashboard","200"
"/student/upload_student_documents","/admin/alumni/getevent","200"
"/student/upload_student_documents","/admin/calendar/delete_event/","200"
"/student/upload_student_documents","/admin/calendar/getevents","200"
"/student/upload_student_documents","/admin/calendar/view_event/","200"
"/student/upload_student_documents","/admin/language/user_language/","200"
"/student/upload_student_documents","/admin/notification/notification_clear","200"
"/student/upload_student_documents","/admin/notification/notification_read","200"
"/student/upload_student_documents","/Report/get_betweendate/","200"
"/student/upload_student_documents","/student/upload_student_documents/","200"
"/student/upload_student_photo","/admin/alumni/getevent","200"
"/student/upload_student_photo","/admin/calendar/delete_event/","200"
"/student/upload_student_photo","/admin/calendar/getevents","200"
"/student/upload_student_photo","/admin/calendar/view_event/","200"
"/student/upload_student_photo","/admin/language/user_language/","200"
"/student/upload_student_photo","/admin/notification/notification_clear","200"
"/student/upload_student_photo","/admin/notification/notification_read","200"
"/student/upload_student_photo","/Report/get_betweendate/","200"
"/student/upload_student_photo","/student/upload_student_photo","200"
"/studentfee","/admin/alumni/getevent","200"
"/studentfee","/admin/calendar/delete_event/","200"
"/studentfee","/admin/calendar/getevents","200"
"/studentfee","/admin/calendar/view_event/","200"
"/studentfee","/admin/language/user_language/","200"
"/studentfee","/admin/notification/notification_clear","200"
"/studentfee","/admin/notification/notification_read","200"
"/studentfee","/Report/get_betweendate/","200"
"/studentfee","/sections/getByClass","200"
"/studentfee","/studentfee/ajaxSearch","200"
"/studentfee","/studentfee/search","200"
"/studentfee/fee_summary_dashboard","/admin/alumni/getevent","200"
"/studentfee/fee_summary_dashboard","/admin/calendar/delete_event/","200"
"/studentfee/fee_summary_dashboard","/admin/calendar/getevents","200"
"/studentfee/fee_summary_dashboard","/admin/calendar/view_event/","200"
"/studentfee/fee_summary_dashboard","/admin/language/user_language/","200"
"/studentfee/fee_summary_dashboard","/admin/notification/notification_clear","200"
"/studentfee/fee_summary_dashboard","/admin/notification/notification_read","200"
"/studentfee/fee_summary_dashboard","/classes/getByProgram","200"
"/studentfee/fee_summary_dashboard","/department/getCoursesByDepartment","200"
"/studentfee/fee_summary_dashboard","/Report/get_betweendate/","200"
"/studentfee/fee_summary_dashboard","/studentfee/fee_summary_dashboard","200"
"/studentfee/fee_summary_dashboard","/studentfee/getStudentListByType","200"
"/studentfee/feereceipt","/admin/alumni/getevent","200"
"/studentfee/feereceipt","/admin/calendar/delete_event/","200"
"/studentfee/feereceipt","/admin/calendar/getevents","200"
"/studentfee/feereceipt","/admin/calendar/view_event/","200"
"/studentfee/feereceipt","/admin/language/user_language/","200"
"/studentfee/feereceipt","/admin/notification/notification_clear","200"
"/studentfee/feereceipt","/admin/notification/notification_read","200"
"/studentfee/feereceipt","/Report/get_betweendate/","200"
"/studentfee/feereceipt","/sections/getByClass","200"
"/studentfee/feereceipt","/studentfee/feereceipt","200"
"/studentfee/feereceipt","/studentfee/printFeesByName","200"
"/studentfee/feesearch","/admin/alumni/getevent","200"
"/studentfee/feesearch","/admin/calendar/delete_event/","200"
"/studentfee/feesearch","/admin/calendar/getevents","200"
"/studentfee/feesearch","/admin/calendar/view_event/","200"
"/studentfee/feesearch","/admin/language/user_language/","200"
"/studentfee/feesearch","/admin/notification/notification_clear","200"
"/studentfee/feesearch","/admin/notification/notification_read","200"
"/studentfee/feesearch","/Report/get_betweendate/","200"
"/studentfee/feesearch","/sections/getByClass","200"
"/studentfee/feesearch","/studentfee/feesearch","200"
"/studentfee/searchpayment","/admin/alumni/getevent","200"
"/studentfee/searchpayment","/admin/calendar/delete_event/","200"
"/studentfee/searchpayment","/admin/calendar/getevents","200"
"/studentfee/searchpayment","/admin/calendar/view_event/","200"
"/studentfee/searchpayment","/admin/language/user_language/","200"
"/studentfee/searchpayment","/admin/notification/notification_clear","200"
"/studentfee/searchpayment","/admin/notification/notification_read","200"
"/studentfee/searchpayment","/Report/get_betweendate/","200"
"/studentfee/searchpayment","/studentfee/searchpayment","200"
"/teacherlog","/admin/alumni/getevent","200"
"/teacherlog","/admin/calendar/delete_event/","200"
"/teacherlog","/admin/calendar/getevents","200"
"/teacherlog","/admin/calendar/view_event/","200"
"/teacherlog","/admin/language/user_language/","200"
"/teacherlog","/admin/notification/notification_clear","200"
"/teacherlog","/admin/notification/notification_read","200"
"/teacherlog","/Report/get_betweendate/","200"
"/teacherlog","/teacherlog","200"
"/teacherlog","/teacherlog/add","200"
"/teacherlog","/teacherlog/approvetechlog","200"
"/teacherlog","/teacherlog/fetchtecherlog_request","200"
"/teacherlog","/teacherlog/load_teacherlog_viewpage","200"
"/teacherlog","/teacherlog/teacherlog_remove/","200"
"/teacherlog","/teacherlog/update","200"
"/teacherlog","/uploads/teacher_log_documents/","200"
